/Users/byrons/.matplotlib is not a writable directory
Matplotlib created a temporary cache directory at /var/folders/jn/2wqppgv57cx3k54l_dqt9sl00000gn/T/matplotlib-lhvrk7vl because there was an issue with the default path ({configdir}); it is highly recommended to set the MPLCONFIGDIR environment variable to a writable directory, in particular to speed up the import of Matplotlib and to better support multiprocessing.

Fontconfig error: No writable cache directories
	/opt/homebrew/var/cache/fontconfig
	/Users/byrons/.cache/fontconfig
	/Users/byrons/.fontconfig
Matplotlib is building the font cache; this may take a moment.
test_decimal_equivalence_is_separate_from_text_equality (tests.test_audit_harnet_extension.NumericComparisonContracts.test_decimal_equivalence_is_separate_from_text_equality) ... ok
test_default_parser_equality_reported_separately (tests.test_audit_harnet_extension.NumericComparisonContracts.test_default_parser_equality_reported_separately) ... ok
test_empty_comparison_is_not_an_equivalence_result (tests.test_audit_harnet_extension.NumericComparisonContracts.test_empty_comparison_is_not_an_equivalence_result) ... ok
test_missingness_changes_and_malformed_values_fail (tests.test_audit_harnet_extension.NumericComparisonContracts.test_missingness_changes_and_malformed_values_fail) ... ok
test_nobs_is_exact_even_when_float_tolerance_would_accept (tests.test_audit_harnet_extension.NumericComparisonContracts.test_nobs_is_exact_even_when_float_tolerance_would_accept) ... ok
test_ratio_diagnostic_identifies_scale_without_repair (tests.test_audit_harnet_extension.NumericComparisonContracts.test_ratio_diagnostic_identifies_scale_without_repair) ... ok
test_rounding_equivalence_does_not_claim_decimal_identity (tests.test_audit_harnet_extension.NumericComparisonContracts.test_rounding_equivalence_does_not_claim_decimal_identity) ... ok
test_zero_denominator_never_creates_infinite_ratio (tests.test_audit_harnet_extension.NumericComparisonContracts.test_zero_denominator_never_creates_infinite_ratio) ... ok
test_duplicate_keys_are_rejected_even_if_values_match (tests.test_audit_harnet_extension.SourceIdentityContracts.test_duplicate_keys_are_rejected_even_if_values_match) ... ok
test_hash_checked_without_mutation (tests.test_audit_harnet_extension.SourceIdentityContracts.test_hash_checked_without_mutation) ... ok
test_invalid_date_is_rejected (tests.test_audit_harnet_extension.SourceIdentityContracts.test_invalid_date_is_rejected) ... ok
test_local_date_label_is_preserved_and_old_unnamed_date_accepted (tests.test_audit_harnet_extension.SourceIdentityContracts.test_local_date_label_is_preserved_and_old_unnamed_date_accepted) ... ok
test_registered_market_and_shared_field_cannot_disappear (tests.test_audit_harnet_extension.SourceIdentityContracts.test_registered_market_and_shared_field_cannot_disappear) ... ok
test_audit_does_not_mutate_source_frames (tests.test_audit_harnet_extension.WholeAuditContracts.test_audit_does_not_mutate_source_frames) ... ok
test_boundary_uses_archived_rows_and_retains_missing_observations (tests.test_audit_harnet_extension.WholeAuditContracts.test_boundary_uses_archived_rows_and_retains_missing_observations) ... ok
test_extra_old_period_date_prevents_whole_panel_reproduction (tests.test_audit_harnet_extension.WholeAuditContracts.test_extra_old_period_date_prevents_whole_panel_reproduction) ... ok
test_missing_old_date_is_not_silently_lost_in_inner_join (tests.test_audit_harnet_extension.WholeAuditContracts.test_missing_old_date_is_not_silently_lost_in_inner_join) ... ok
test_overlap_is_keyed_and_extensions_do_not_change_old_comparison (tests.test_audit_harnet_extension.WholeAuditContracts.test_overlap_is_keyed_and_extensions_do_not_change_old_comparison) ... ok
test_quality_records_nonpositive_rv_and_semivariance_violations (tests.test_audit_harnet_extension.WholeAuditContracts.test_quality_records_nonpositive_rv_and_semivariance_violations) ... ok
test_duplicate_dates_rejected (tests.test_audit_risklab_source.TestRiskLabAudit.test_duplicate_dates_rejected) ... ok
test_full_calendar_windows_never_roll_across_missing_session (tests.test_audit_risklab_source.TestRiskLabAudit.test_full_calendar_windows_never_roll_across_missing_session) ... ok
test_malformed_historical_rows_and_dates_rejected (tests.test_audit_risklab_source.TestRiskLabAudit.test_malformed_historical_rows_and_dates_rejected) ... ok
test_nonfinite_values_remain_auditable (tests.test_audit_risklab_source.TestRiskLabAudit.test_nonfinite_values_remain_auditable) ... ok
test_parquet_calendar_uses_timestamp_cutoff_and_only_returns_labels (tests.test_audit_risklab_source.TestRiskLabAudit.test_parquet_calendar_uses_timestamp_cutoff_and_only_returns_labels) ... ok
test_post_cutoff_estimates_are_never_parsed (tests.test_audit_risklab_source.TestRiskLabAudit.test_post_cutoff_estimates_are_never_parsed) ... ok
test_provider_column_mapping_preserves_volatility_units (tests.test_audit_risklab_source.TestRiskLabAudit.test_provider_column_mapping_preserves_volatility_units) ... ok
test_source_gaps_and_invalid_estimates_are_distinct (tests.test_audit_risklab_source.TestRiskLabAudit.test_source_gaps_and_invalid_estimates_are_distinct) ... ok
test_unknown_calendar_membership_is_visible (tests.test_audit_risklab_source.TestRiskLabAudit.test_unknown_calendar_membership_is_visible) ... ok
test_wrong_identity_and_declared_count_rejected (tests.test_audit_risklab_source.TestRiskLabAudit.test_wrong_identity_and_declared_count_rejected) ... ok
test_zero_negative_and_large_values_are_not_chart_filtered (tests.test_audit_risklab_source.TestRiskLabAudit.test_zero_negative_and_large_values_are_not_chart_filtered) ... ok
test_market_parser_fences_values_and_source_audit_preserves_plan_evidence (tests.test_calendar_variance_features.TestCalendarSources.test_market_parser_fences_values_and_source_audit_preserves_plan_evidence) ... ok
test_source_fence_rejected_before_calendar_loader (tests.test_calendar_variance_features.TestCalendarSources.test_source_fence_rejected_before_calendar_loader) ... ok
test_entry_and_future_price_iv_mutations_cannot_change_current_predictors (tests.test_calendar_variance_features.TestCalendarVarianceFeatures.test_entry_and_future_price_iv_mutations_cannot_change_current_predictors) ... ok
test_entry_calendar_is_current_and_last_target_is_unknown (tests.test_calendar_variance_features.TestCalendarVarianceFeatures.test_entry_calendar_is_current_and_last_target_is_unknown) ... ok
test_explicit_raw_risk_negative_histories_and_iv_lags (tests.test_calendar_variance_features.TestCalendarVarianceFeatures.test_explicit_raw_risk_negative_histories_and_iv_lags) ... ok
test_fixed_feature_and_target_schema (tests.test_calendar_variance_features.TestCalendarVarianceFeatures.test_fixed_feature_and_target_schema) ... ok
test_flat_raw_prices_have_positive_declared_gk_floor (tests.test_calendar_variance_features.TestCalendarVarianceFeatures.test_flat_raw_prices_have_positive_declared_gk_floor) ... ok
test_future_observed_calendar_only_changes_target_and_maturity (tests.test_calendar_variance_features.TestCalendarVarianceFeatures.test_future_observed_calendar_only_changes_target_and_maturity) ... ok
test_invalid_observed_prices_ohlc_or_calendar_values_are_rejected (tests.test_calendar_variance_features.TestCalendarVarianceFeatures.test_invalid_observed_prices_ohlc_or_calendar_values_are_rejected) ... ok
test_missing_iv_or_plan_stays_unknown_without_forward_fill (tests.test_calendar_variance_features.TestCalendarVarianceFeatures.test_missing_iv_or_plan_stays_unknown_without_forward_fill) ... ok
test_raw_price_units_and_adjusted_close_do_not_change_features_or_labels (tests.test_calendar_variance_features.TestCalendarVarianceFeatures.test_raw_price_units_and_adjusted_close_do_not_change_features_or_labels) ... ok
test_strict_windows_preserve_unknown_history_without_calendar_compression (tests.test_calendar_variance_features.TestCalendarVarianceFeatures.test_strict_windows_preserve_unknown_history_without_calendar_compression) ... ok
test_ambiguous_original_month_or_incomplete_fomc_schedule_is_rejected (tests.test_calendar_variance_features.TestCalendarWindow.test_ambiguous_original_month_or_incomplete_fomc_schedule_is_rejected) ... ok
test_canceled_plans_and_future_sources_do_not_rewrite_original_flags (tests.test_calendar_variance_features.TestCalendarWindow.test_canceled_plans_and_future_sources_do_not_rewrite_original_flags) ... ok
test_exact_evidence_schema_and_original_source_identities (tests.test_calendar_variance_features.TestCalendarWindow.test_exact_evidence_schema_and_original_source_identities) ... ok
test_holidays_and_early_closes_do_not_change_nominal_endpoints (tests.test_calendar_variance_features.TestCalendarWindow.test_holidays_and_early_closes_do_not_change_nominal_endpoints) ... ok
test_month_boundary_requires_both_bls_months_and_both_event_types (tests.test_calendar_variance_features.TestCalendarWindow.test_month_boundary_requires_both_bls_months_and_both_event_types) ... ok
test_nominal_close_to_close_window_and_both_dst_directions (tests.test_calendar_variance_features.TestCalendarWindow.test_nominal_close_to_close_window_and_both_dst_directions) ... ok
test_open_left_closed_right_and_new_afternoon_endpoint (tests.test_calendar_variance_features.TestCalendarWindow.test_open_left_closed_right_and_new_afternoon_endpoint) ... ok
test_publication_date_must_strictly_precede_cutoff (tests.test_calendar_variance_features.TestCalendarWindow.test_publication_date_must_strictly_precede_cutoff) ... ok
test_unknown_cutoff_and_missing_annual_schedule_remain_unknown (tests.test_calendar_variance_features.TestCalendarWindow.test_unknown_cutoff_and_missing_annual_schedule_remain_unknown) ... ok
test_window_requires_normalized_weekday_naive_dates (tests.test_calendar_variance_features.TestCalendarWindow.test_window_requires_normalized_weekday_naive_dates) ... ok
test_apply_rows_do_not_change_training_scaling (tests.test_calendar_variance_models.CalendarModels.test_apply_rows_do_not_change_training_scaling) ... ok
test_exact_next_session_maturity_is_required (tests.test_calendar_variance_models.CalendarModels.test_exact_next_session_maturity_is_required) ... ok
test_exact_previous_session_cutoff_is_required (tests.test_calendar_variance_models.CalendarModels.test_exact_previous_session_cutoff_is_required) ... ok
test_future_labels_cannot_change_earlier_fit (tests.test_calendar_variance_models.CalendarModels.test_future_labels_cannot_change_earlier_fit) ... ok
test_label_order_is_checked (tests.test_calendar_variance_models.CalendarModels.test_label_order_is_checked) ... ok
test_maturity_uses_previous_observed_session_and_all_features (tests.test_calendar_variance_models.CalendarModels.test_maturity_uses_previous_observed_session_and_all_features) ... ok
test_minimum_cannot_be_silently_skipped (tests.test_calendar_variance_models.CalendarModels.test_minimum_cannot_be_silently_skipped) ... ok
test_nonpositive_or_infinite_target_is_rejected (tests.test_calendar_variance_models.CalendarModels.test_nonpositive_or_infinite_target_is_rejected) ... ok
test_refit_origin_is_independent_of_query_label (tests.test_calendar_variance_models.CalendarModels.test_refit_origin_is_independent_of_query_label) ... ok
test_same_common_rows_and_joint_calendar_block (tests.test_calendar_variance_models.CalendarModels.test_same_common_rows_and_joint_calendar_block) ... ok
test_target_scale_equivariance (tests.test_calendar_variance_models.CalendarModels.test_target_scale_equivariance) ... ok
test_zero_scale_candidate_aborts_even_baseline (tests.test_calendar_variance_models.CalendarModels.test_zero_scale_candidate_aborts_even_baseline) ... ok
test_partial_evaluated_ledger_failure_invalidates_all_two_and_preserves_diagnostics (tests.test_calendar_variance_publication.TestCalendarVariancePublication.test_partial_evaluated_ledger_failure_invalidates_all_two_and_preserves_diagnostics) ... ok
test_partial_registration_failure_still_accounts_for_all_two (tests.test_calendar_variance_publication.TestCalendarVariancePublication.test_partial_registration_failure_still_accounts_for_all_two) ... ok
test_protocol_mutation_invalidates_scores_and_preserves_diagnostics (tests.test_calendar_variance_publication.TestCalendarVariancePublication.test_protocol_mutation_invalidates_scores_and_preserves_diagnostics) ... ok
test_report_failure_invalidates_all_two_and_preserves_diagnostics (tests.test_calendar_variance_publication.TestCalendarVariancePublication.test_report_failure_invalidates_all_two_and_preserves_diagnostics) ... ok
test_all_four_phase_scores_and_108_adjustment_preserved (tests.test_calendar_variance_search.CalendarSearch.test_all_four_phase_scores_and_108_adjustment_preserved) ... ok
test_all_gates_and_both_controls_required (tests.test_calendar_variance_search.CalendarSearch.test_all_gates_and_both_controls_required) ... ok
test_common_paired_metadata_and_positive_forecasts_required (tests.test_calendar_variance_search.CalendarSearch.test_common_paired_metadata_and_positive_forecasts_required) ... ok
test_core_contract_amendments_rejected (tests.test_calendar_variance_search.CalendarSearch.test_core_contract_amendments_rejected) ... ok
test_failed_wave_retains_both_as_p_one (tests.test_calendar_variance_search.CalendarSearch.test_failed_wave_retains_both_as_p_one) ... ok
test_inference_does_not_shrink_blocks_or_remove_nonfinite (tests.test_calendar_variance_search.CalendarSearch.test_inference_does_not_shrink_blocks_or_remove_nonfinite) ... ok
test_inherited_count_is_full_enumerated_family (tests.test_calendar_variance_search.CalendarSearch.test_inherited_count_is_full_enumerated_family) ... ok
test_literal_protocol (tests.test_calendar_variance_search.CalendarSearch.test_literal_protocol) ... ok
test_nominal_small_or_one_phase_gain_cannot_pass (tests.test_calendar_variance_search.CalendarSearch.test_nominal_small_or_one_phase_gain_cannot_pass) ... ok
test_paired_inference_uses_worst_dependence_method (tests.test_calendar_variance_search.CalendarSearch.test_paired_inference_uses_worst_dependence_method) ... ok
test_boundary_label_is_unscored_but_arrives_on_full_clock_without_reset (tests.test_causal_pool_integration.CausalPoolPipeline.test_boundary_label_is_unscored_but_arrives_on_full_clock_without_reset) ... ok
test_dropped_unscored_state_blocks_independent_admission_before_inference (tests.test_causal_pool_integration.CausalPoolPipeline.test_dropped_unscored_state_blocks_independent_admission_before_inference) ... ok
test_snapshots_roundtrip_full_filter_independent_proof_scoring_and_plot_admission (tests.test_causal_pool_integration.CausalPoolPipeline.test_snapshots_roundtrip_full_filter_independent_proof_scoring_and_plot_admission) ... ok
test_entire_unscored_month_retains_every_application_state (tests.test_causal_pool_models.CausalPoolModels.test_entire_unscored_month_retains_every_application_state) ... ok
test_exact_application_index_fit_counts_and_first_cutoffs_required (tests.test_causal_pool_models.CausalPoolModels.test_exact_application_index_fit_counts_and_first_cutoffs_required) ... ok
test_first_update_has_one_minus_decay_weight_and_two_session_maturity (tests.test_causal_pool_models.CausalPoolModels.test_first_update_has_one_minus_decay_weight_and_two_session_maturity) ... ok
test_future_labels_cannot_change_prior_cutoff_state (tests.test_causal_pool_models.CausalPoolModels.test_future_labels_cannot_change_prior_cutoff_state) ... ok
test_initial_prior_mass_exactly_one_and_no_cold_start_deletion (tests.test_causal_pool_models.CausalPoolModels.test_initial_prior_mass_exactly_one_and_no_cold_start_deletion) ... ok
test_invalid_full_calendar_and_label_alignment_reject (tests.test_causal_pool_models.CausalPoolModels.test_invalid_full_calendar_and_label_alignment_reject) ... ok
test_labels_from_feature_gap_and_development_boundary_are_consumed (tests.test_causal_pool_models.CausalPoolModels.test_labels_from_feature_gap_and_development_boundary_are_consumed) ... ok
test_missing_labels_decay_mass_without_becoming_zero_observations (tests.test_causal_pool_models.CausalPoolModels.test_missing_labels_decay_mass_without_becoming_zero_observations) ... ok
test_nonzero_underflow_and_bad_probability_inputs_reject (tests.test_causal_pool_models.CausalPoolModels.test_nonzero_underflow_and_bad_probability_inputs_reject) ... ok
test_original_baseline_metadata_probability_loss_and_inputs_preserved (tests.test_causal_pool_models.CausalPoolModels.test_original_baseline_metadata_probability_loss_and_inputs_preserved) ... ok
test_original_panel_tampering_rejects_before_new_state (tests.test_causal_pool_models.CausalPoolModels.test_original_panel_tampering_rejects_before_new_state) ... ok
test_output_validator_rejects_unknown_models_and_changed_brier (tests.test_causal_pool_models.CausalPoolModels.test_output_validator_rejects_unknown_models_and_changed_brier) ... ok
test_pool_is_exact_separate_half_products_and_endpoints_are_valid (tests.test_causal_pool_models.CausalPoolModels.test_pool_is_exact_separate_half_products_and_endpoints_are_valid) ... ok
test_preseed_labels_are_never_refed (tests.test_causal_pool_models.CausalPoolModels.test_preseed_labels_are_never_refed) ... ok
test_seed_consumed_availability_is_distinct_from_state_cutoff (tests.test_causal_pool_models.CausalPoolModels.test_seed_consumed_availability_is_distinct_from_state_cutoff) ... ok
test_states_match_independent_explicit_full_calendar_weights (tests.test_causal_pool_models.CausalPoolModels.test_states_match_independent_explicit_full_calendar_weights) ... ok
test_unscored_first_application_seeds_before_first_scored_origin (tests.test_causal_pool_models.CausalPoolModels.test_unscored_first_application_seeds_before_first_scored_origin) ... ok
test_zero_binary_label_adds_denominator_weight (tests.test_causal_pool_models.CausalPoolModels.test_zero_binary_label_adds_denominator_weight) ... ok
test_failed_admission (tests.test_causal_pool_publication.CausalPoolPublication.test_failed_admission) ... ok
test_failed_report (tests.test_causal_pool_publication.CausalPoolPublication.test_failed_report) ... ok
test_inherited_json_pin_is_checked_before_decode (tests.test_causal_pool_publication.CausalPoolPublication.test_inherited_json_pin_is_checked_before_decode) ... ok
test_input_bytes_checked_before_decode_and_one_snapshot (tests.test_causal_pool_publication.CausalPoolPublication.test_input_bytes_checked_before_decode_and_one_snapshot) ... ok
test_nonfinite_metrics_keep_terminal_ledger (tests.test_causal_pool_publication.CausalPoolPublication.test_nonfinite_metrics_keep_terminal_ledger) ... ok
test_partial_evaluation (tests.test_causal_pool_publication.CausalPoolPublication.test_partial_evaluation) ... ok
test_partial_registration (tests.test_causal_pool_publication.CausalPoolPublication.test_partial_registration) ... ok
test_protocol_changed_during_pretests_prevents_registration (tests.test_causal_pool_publication.CausalPoolPublication.test_protocol_changed_during_pretests_prevents_registration) ... ok
test_protocol_mutation (tests.test_causal_pool_publication.CausalPoolPublication.test_protocol_mutation) ... ok
test_source_changed_after_admission (tests.test_causal_pool_publication.CausalPoolPublication.test_source_changed_after_admission) ... ok
test_all_unevaluable_hypotheses_retained (tests.test_causal_pool_search.CausalPoolSearch.test_all_unevaluable_hypotheses_retained) ... ok
test_application_origins_ignore_query_labels_and_keep_feature_gaps_explicit (tests.test_causal_pool_search.CausalPoolSearch.test_application_origins_ignore_query_labels_and_keep_feature_gaps_explicit) ... ok
test_both_controls_both_effects_and_strict_p_and_stability (tests.test_causal_pool_search.CausalPoolSearch.test_both_controls_both_effects_and_strict_p_and_stability) ... ok
test_brier_factored_difference_and_endpoint_truth (tests.test_causal_pool_search.CausalPoolSearch.test_brier_factored_difference_and_endpoint_truth) ... ok
test_declared_training_and_phase_fences_precede_inference (tests.test_causal_pool_search.CausalPoolSearch.test_declared_training_and_phase_fences_precede_inference) ... ok
test_fixed_contract_and_family (tests.test_causal_pool_search.CausalPoolSearch.test_fixed_contract_and_family) ... ok
test_four_phases_complete_accounting_and_support (tests.test_causal_pool_search.CausalPoolSearch.test_four_phases_complete_accounting_and_support) ... ok
test_mde_uses_probability_effect_not_prior_product_effect (tests.test_causal_pool_search.CausalPoolSearch.test_mde_uses_probability_effect_not_prior_product_effect) ... ok
test_no_relaxed_timing_support_models_numerics_or_family (tests.test_causal_pool_search.CausalPoolSearch.test_no_relaxed_timing_support_models_numerics_or_family) ... ok
test_support_checks_precede_every_inference_call (tests.test_causal_pool_search.CausalPoolSearch.test_support_checks_precede_every_inference_call) ... ok
test_target_measurement_and_source_contract_are_literal (tests.test_causal_pool_search.CausalPoolSearch.test_target_measurement_and_source_contract_are_literal) ... ok
test_true_next_session_label_cannot_cross_development_boundary (tests.test_causal_pool_search.CausalPoolSearch.test_true_next_session_label_cannot_cross_development_boundary) ... ok
test_unknown_or_missing_protocol_section_rejected (tests.test_causal_pool_search.CausalPoolSearch.test_unknown_or_missing_protocol_section_rejected) ... ok
test_civil_next_weekday_edges_and_no_exchange_calendar (tests.test_civil_quarter_features.CivilQuarterFeatures.test_civil_next_weekday_edges_and_no_exchange_calendar) ... ok
test_civil_rank_is_full_fifteen_and_duplicate_interaction_rejects (tests.test_civil_quarter_features.CivilQuarterFeatures.test_civil_rank_is_full_fifteen_and_duplicate_interaction_rejects) ... ok
test_each_support_threshold_and_both_binary_classes_are_literal (tests.test_civil_quarter_features.CivilQuarterFeatures.test_each_support_threshold_and_both_binary_classes_are_literal) ... ok
test_final_five_civil_dates_boundaries_leap_year_and_december_exclusion (tests.test_civil_quarter_features.CivilQuarterFeatures.test_final_five_civil_dates_boundaries_leap_year_and_december_exclusion) ... ok
test_fixed_names_counts_order_and_old_information_preserved (tests.test_civil_quarter_features.CivilQuarterFeatures.test_fixed_names_counts_order_and_old_information_preserved) ... ok
test_future_source_rows_and_prices_cannot_change_civil_predictors (tests.test_civil_quarter_features.CivilQuarterFeatures.test_future_source_rows_and_prices_cannot_change_civil_predictors) ... ok
test_invalid_schema_dates_and_cutoffs_reject_without_repair (tests.test_civil_quarter_features.CivilQuarterFeatures.test_invalid_schema_dates_and_cutoffs_reject_without_repair) ... ok
test_unknown_nonbinary_and_invalid_support_scope_cannot_be_dropped (tests.test_civil_quarter_features.CivilQuarterFeatures.test_unknown_nonbinary_and_invalid_support_scope_cannot_be_dropped) ... ok
test_bad_prediction_in_wholly_unscored_first_month_cannot_disappear (tests.test_civil_quarter_integration.CivilQuarterPipeline.test_bad_prediction_in_wholly_unscored_first_month_cannot_disappear) ... ok
test_complete_month_source_unknowns_are_excluded_from_every_training_basis (tests.test_civil_quarter_integration.CivilQuarterPipeline.test_complete_month_source_unknowns_are_excluded_from_every_training_basis) ... ok
test_evaluator_rejects_unknown_old_plan_before_any_inference (tests.test_civil_quarter_integration.CivilQuarterPipeline.test_evaluator_rejects_unknown_old_plan_before_any_inference) ... ok
test_generated_pipeline_keeps_source_unknowns_unscored_fits_and_all_three_controls (tests.test_civil_quarter_integration.CivilQuarterPipeline.test_generated_pipeline_keeps_source_unknowns_unscored_fits_and_all_three_controls) ... ok
test_application_changes_do_not_refit_either_stage (tests.test_civil_quarter_models.CivilQuarterModels.test_application_changes_do_not_refit_either_stage) ... ok
test_baseline_and_scalar_match_independent_convex_optimizers (tests.test_civil_quarter_models.CivilQuarterModels.test_baseline_and_scalar_match_independent_convex_optimizers) ... ok
test_candidate_identification_is_conditional_on_all_baseline_controls (tests.test_civil_quarter_models.CivilQuarterModels.test_candidate_identification_is_conditional_on_all_baseline_controls) ... ok
test_constant_target_and_zero_scalar_exactly_nest (tests.test_civil_quarter_models.CivilQuarterModels.test_constant_target_and_zero_scalar_exactly_nest) ... ok
test_fixed_optimizer_and_nonfinite_bracket_fail_without_fallback (tests.test_civil_quarter_models.CivilQuarterModels.test_fixed_optimizer_and_nonfinite_bracket_fail_without_fallback) ... ok
test_invalid_forecast_in_wholly_unscored_month_is_not_hidden (tests.test_civil_quarter_models.CivilQuarterModels.test_invalid_forecast_in_wholly_unscored_month_is_not_hidden) ... ok
test_log_ratio_arithmetic_avoids_avoidable_intermediate_overflow (tests.test_civil_quarter_models.CivilQuarterModels.test_log_ratio_arithmetic_avoids_avoidable_intermediate_overflow) ... ok
test_market_collinearity_alone_is_not_an_extra_rank_gate (tests.test_civil_quarter_models.CivilQuarterModels.test_market_collinearity_alone_is_not_an_extra_rank_gate) ... ok
test_missing_predecessor_cutoff_never_enters_training (tests.test_civil_quarter_models.CivilQuarterModels.test_missing_predecessor_cutoff_never_enters_training) ... ok
test_monthly_mask_is_common_mature_and_zero_targets_invalid (tests.test_civil_quarter_models.CivilQuarterModels.test_monthly_mask_is_common_mature_and_zero_targets_invalid) ... ok
test_monthly_walkforward_preserves_unscored_queries_and_fits (tests.test_civil_quarter_models.CivilQuarterModels.test_monthly_walkforward_preserves_unscored_queries_and_fits) ... ok
test_nonpositive_nonfinite_unaligned_and_unrepresentable_targets_reject (tests.test_civil_quarter_models.CivilQuarterModels.test_nonpositive_nonfinite_unaligned_and_unrepresentable_targets_reject) ... ok
test_positive_objective_gradient_hessian_against_independent_differences (tests.test_civil_quarter_models.CivilQuarterModels.test_positive_objective_gradient_hessian_against_independent_differences) ... ok
test_preflight_uses_all_months_support_before_any_optimizer (tests.test_civil_quarter_models.CivilQuarterModels.test_preflight_uses_all_months_support_before_any_optimizer) ... ok
test_scalar_derivatives_strict_curvature_and_zero_nesting (tests.test_civil_quarter_models.CivilQuarterModels.test_scalar_derivatives_strict_curvature_and_zero_nesting) ... ok
test_scientific_support_and_civil_rank_fail_without_dropping_columns (tests.test_civil_quarter_models.CivilQuarterModels.test_scientific_support_and_civil_rank_fail_without_dropping_columns) ... ok
test_target_units_and_old_feature_units_do_not_change_normalized_forecasts (tests.test_civil_quarter_models.CivilQuarterModels.test_target_units_and_old_feature_units_do_not_change_normalized_forecasts) ... ok
test_train_only_mixed_geometry_and_exact_quarter_center (tests.test_civil_quarter_models.CivilQuarterModels.test_train_only_mixed_geometry_and_exact_quarter_center) ... ok
test_validation_rejects_panel_metadata_or_positive_domain_tampering (tests.test_civil_quarter_models.CivilQuarterModels.test_validation_rejects_panel_metadata_or_positive_domain_tampering) ... ok
test_failed_admission (tests.test_civil_quarter_publication.CivilQuarterPublication.test_failed_admission) ... ok
test_failed_report (tests.test_civil_quarter_publication.CivilQuarterPublication.test_failed_report) ... ok
test_inherited_json_pin_is_checked_before_decode (tests.test_civil_quarter_publication.CivilQuarterPublication.test_inherited_json_pin_is_checked_before_decode) ... ok
test_input_bytes_checked_before_decode_and_one_snapshot (tests.test_civil_quarter_publication.CivilQuarterPublication.test_input_bytes_checked_before_decode_and_one_snapshot) ... ok
test_nonfinite_metrics_keep_terminal_ledger (tests.test_civil_quarter_publication.CivilQuarterPublication.test_nonfinite_metrics_keep_terminal_ledger) ... ok
test_partial_evaluation (tests.test_civil_quarter_publication.CivilQuarterPublication.test_partial_evaluation) ... ok
test_partial_registration (tests.test_civil_quarter_publication.CivilQuarterPublication.test_partial_registration) ... ok
test_protocol_changed_during_pretests_prevents_registration (tests.test_civil_quarter_publication.CivilQuarterPublication.test_protocol_changed_during_pretests_prevents_registration) ... ok
test_protocol_mutation (tests.test_civil_quarter_publication.CivilQuarterPublication.test_protocol_mutation) ... ok
test_source_changed_after_admission (tests.test_civil_quarter_publication.CivilQuarterPublication.test_source_changed_after_admission) ... ok
test_support_failure_before_any_optimization (tests.test_civil_quarter_publication.CivilQuarterPublication.test_support_failure_before_any_optimization) ... ok
test_actual_synthetic_metrics_render_only_with_same_verified_counts (tests.test_civil_quarter_replay_integration.ReplayIntegration.test_actual_synthetic_metrics_render_only_with_same_verified_counts) ... ok
test_complete_failed_predecessor_slots_cannot_be_dropped (tests.test_civil_quarter_replay_integration.ReplayIntegration.test_complete_failed_predecessor_slots_cannot_be_dropped) ... ok
test_independent_all_fit_support_geometry_and_native_forecast_replay (tests.test_civil_quarter_replay_integration.ReplayIntegration.test_independent_all_fit_support_geometry_and_native_forecast_replay) ... ok
test_independent_replay_rejects_coefficients_support_metadata_and_missing_unscored_fit (tests.test_civil_quarter_replay_integration.ReplayIntegration.test_independent_replay_rejects_coefficients_support_metadata_and_missing_unscored_fit) ... ok
test_real_synthetic_four_phase_inference_and_full_new_family (tests.test_civil_quarter_replay_integration.ReplayIntegration.test_real_synthetic_four_phase_inference_and_full_new_family) ... ok
test_unknown_source_month_and_wholly_unscored_first_month_are_distinct (tests.test_civil_quarter_replay_integration.ReplayIntegration.test_unknown_source_month_and_wholly_unscored_first_month_are_distinct) ... ok
test_closure_protocol_and_extra_pins_checked_before_metadata_collection (tests.test_civil_quarter_replay_publication.CivilQuarterReplayPublication.test_closure_protocol_and_extra_pins_checked_before_metadata_collection) ... ok
test_failed_admission (tests.test_civil_quarter_replay_publication.CivilQuarterReplayPublication.test_failed_admission) ... ok
test_failed_report (tests.test_civil_quarter_replay_publication.CivilQuarterReplayPublication.test_failed_report) ... ok
test_failed_source_closure_prevents_all_optimization (tests.test_civil_quarter_replay_publication.CivilQuarterReplayPublication.test_failed_source_closure_prevents_all_optimization) ... ok
test_inherited_json_pin_is_checked_before_decode (tests.test_civil_quarter_replay_publication.CivilQuarterReplayPublication.test_inherited_json_pin_is_checked_before_decode) ... ok
test_input_bytes_checked_before_decode_and_one_snapshot (tests.test_civil_quarter_replay_publication.CivilQuarterReplayPublication.test_input_bytes_checked_before_decode_and_one_snapshot) ... ok
test_nonfinite_metrics_keep_terminal_ledger (tests.test_civil_quarter_replay_publication.CivilQuarterReplayPublication.test_nonfinite_metrics_keep_terminal_ledger) ... ok
test_partial_evaluation (tests.test_civil_quarter_replay_publication.CivilQuarterReplayPublication.test_partial_evaluation) ... ok
test_partial_registration (tests.test_civil_quarter_replay_publication.CivilQuarterReplayPublication.test_partial_registration) ... ok
test_protocol_changed_during_pretests_prevents_registration (tests.test_civil_quarter_replay_publication.CivilQuarterReplayPublication.test_protocol_changed_during_pretests_prevents_registration) ... ok
test_protocol_mutation (tests.test_civil_quarter_replay_publication.CivilQuarterReplayPublication.test_protocol_mutation) ... ok
test_registration_includes_failed_inventory_and_omitted_sources_without_collection (tests.test_civil_quarter_replay_publication.CivilQuarterReplayPublication.test_registration_includes_failed_inventory_and_omitted_sources_without_collection) ... ok
test_source_changed_after_admission (tests.test_civil_quarter_replay_publication.CivilQuarterReplayPublication.test_source_changed_after_admission) ... ok
test_support_failure_before_any_optimization (tests.test_civil_quarter_replay_publication.CivilQuarterReplayPublication.test_support_failure_before_any_optimization) ... ok
test_all_unevaluable_hypotheses_retained (tests.test_civil_quarter_replay_search.CivilQuarterReplaySearch.test_all_unevaluable_hypotheses_retained) ... ok
test_both_controls_both_effects_and_strict_p_and_stability (tests.test_civil_quarter_replay_search.CivilQuarterReplaySearch.test_both_controls_both_effects_and_strict_p_and_stability) ... ok
test_civil_support_precedes_every_inference_call (tests.test_civil_quarter_replay_search.CivilQuarterReplaySearch.test_civil_support_precedes_every_inference_call) ... ok
test_declared_training_and_phase_fences_precede_inference (tests.test_civil_quarter_replay_search.CivilQuarterReplaySearch.test_declared_training_and_phase_fences_precede_inference) ... ok
test_fixed_contract_and_family (tests.test_civil_quarter_replay_search.CivilQuarterReplaySearch.test_fixed_contract_and_family) ... ok
test_four_phases_complete_accounting_and_support (tests.test_civil_quarter_replay_search.CivilQuarterReplaySearch.test_four_phases_complete_accounting_and_support) ... ok
test_inference_rejects_nonfinite_complex_and_misaligned_inputs (tests.test_civil_quarter_replay_search.CivilQuarterReplaySearch.test_inference_rejects_nonfinite_complex_and_misaligned_inputs) ... ok
test_model_and_evidence_geometry_are_exact_failed_attempt (tests.test_civil_quarter_replay_search.CivilQuarterReplaySearch.test_model_and_evidence_geometry_are_exact_failed_attempt) ... ok
test_native_negative_scores_and_fixed_variance_inference_units (tests.test_civil_quarter_replay_search.CivilQuarterReplaySearch.test_native_negative_scores_and_fixed_variance_inference_units) ... ok
test_no_relaxed_timing_support_models_numerics_or_family (tests.test_civil_quarter_replay_search.CivilQuarterReplaySearch.test_no_relaxed_timing_support_models_numerics_or_family) ... ok
test_target_measurement_and_source_contract_are_literal (tests.test_civil_quarter_replay_search.CivilQuarterReplaySearch.test_target_measurement_and_source_contract_are_literal) ... ok
test_true_next_session_label_cannot_cross_development_boundary (tests.test_civil_quarter_replay_search.CivilQuarterReplaySearch.test_true_next_session_label_cannot_cross_development_boundary) ... ok
test_unknown_or_missing_protocol_section_rejected (tests.test_civil_quarter_replay_search.CivilQuarterReplaySearch.test_unknown_or_missing_protocol_section_rejected) ... ok
test_coherence_is_scaled_to_components_without_unit_floor (tests.test_civil_quarter_score.CivilQuarterScore.test_coherence_is_scaled_to_components_without_unit_floor) ... ok
test_common_units_change_levels_not_pair_gaps (tests.test_civil_quarter_score.CivilQuarterScore.test_common_units_change_levels_not_pair_gaps) ... ok
test_identical_predictions_give_exact_zero_and_swapping_reverses_gap (tests.test_civil_quarter_score.CivilQuarterScore.test_identical_predictions_give_exact_zero_and_swapping_reverses_gap) ... ok
test_invalid_real_domain_alignment_and_underflow_reject (tests.test_civil_quarter_score.CivilQuarterScore.test_invalid_real_domain_alignment_and_underflow_reject) ... ok
test_loss_elicits_positive_conditional_mean (tests.test_civil_quarter_score.CivilQuarterScore.test_loss_elicits_positive_conditional_mean) ... ok
test_native_subnormal_forecasts_do_not_require_inverse_forecasts (tests.test_civil_quarter_score.CivilQuarterScore.test_native_subnormal_forecasts_do_not_require_inverse_forecasts) ... ok
test_paired_gap_matches_decimal_functional_not_rounded_loss_subtraction (tests.test_civil_quarter_score.CivilQuarterScore.test_paired_gap_matches_decimal_functional_not_rounded_loss_subtraction) ... ok
test_all_unevaluable_hypotheses_retained (tests.test_civil_quarter_search.CivilQuarterSearch.test_all_unevaluable_hypotheses_retained) ... ok
test_both_controls_both_effects_and_strict_p_and_stability (tests.test_civil_quarter_search.CivilQuarterSearch.test_both_controls_both_effects_and_strict_p_and_stability) ... ok
test_civil_support_precedes_every_inference_call (tests.test_civil_quarter_search.CivilQuarterSearch.test_civil_support_precedes_every_inference_call) ... ok
test_declared_training_and_phase_fences_precede_inference (tests.test_civil_quarter_search.CivilQuarterSearch.test_declared_training_and_phase_fences_precede_inference) ... ok
test_fixed_contract_and_family (tests.test_civil_quarter_search.CivilQuarterSearch.test_fixed_contract_and_family) ... ok
test_four_phases_complete_accounting_and_support (tests.test_civil_quarter_search.CivilQuarterSearch.test_four_phases_complete_accounting_and_support) ... ok
test_inference_rejects_nonfinite_complex_and_misaligned_inputs (tests.test_civil_quarter_search.CivilQuarterSearch.test_inference_rejects_nonfinite_complex_and_misaligned_inputs) ... ok
test_native_negative_scores_and_fixed_variance_inference_units (tests.test_civil_quarter_search.CivilQuarterSearch.test_native_negative_scores_and_fixed_variance_inference_units) ... ok
test_no_relaxed_timing_support_models_numerics_or_family (tests.test_civil_quarter_search.CivilQuarterSearch.test_no_relaxed_timing_support_models_numerics_or_family) ... ok
test_target_measurement_and_source_contract_are_literal (tests.test_civil_quarter_search.CivilQuarterSearch.test_target_measurement_and_source_contract_are_literal) ... ok
test_true_next_session_label_cannot_cross_development_boundary (tests.test_civil_quarter_search.CivilQuarterSearch.test_true_next_session_label_cannot_cross_development_boundary) ... ok
test_unknown_or_missing_protocol_section_rejected (tests.test_civil_quarter_search.CivilQuarterSearch.test_unknown_or_missing_protocol_section_rejected) ... ok
test_capture_manifest_bound_by_final_ledger_and_not_superseded_metadata (tests.test_civil_quarter_sources.SourceClosureTests.test_capture_manifest_bound_by_final_ledger_and_not_superseded_metadata) ... ok
test_capture_manifest_requires_exact_final_artifact_hash (tests.test_civil_quarter_sources.SourceClosureTests.test_capture_manifest_requires_exact_final_artifact_hash) ... ok
test_deterministic_json_and_no_market_path_read (tests.test_civil_quarter_sources.SourceClosureTests.test_deterministic_json_and_no_market_path_read) ... ok
test_discovered_file_cannot_override_existing_registration (tests.test_civil_quarter_sources.SourceClosureTests.test_discovered_file_cannot_override_existing_registration) ... ok
test_duplicate_json_keys_are_rejected_after_hash_check (tests.test_civil_quarter_sources.SourceClosureTests.test_duplicate_json_keys_are_rejected_after_hash_check) ... ok
test_each_metadata_root_requires_registered_pin (tests.test_civil_quarter_sources.SourceClosureTests.test_each_metadata_root_requires_registered_pin) ... ok
test_excluded_bounded_reissue_still_requires_snapshot (tests.test_civil_quarter_sources.SourceClosureTests.test_excluded_bounded_reissue_still_requires_snapshot) ... ok
test_fomc_coverage_must_match_active_rows (tests.test_civil_quarter_sources.SourceClosureTests.test_fomc_coverage_must_match_active_rows) ... ok
test_metadata_hash_checked_before_decode (tests.test_civil_quarter_sources.SourceClosureTests.test_metadata_hash_checked_before_decode) ... ok
test_missing_malformed_or_conflicting_hash_rejects (tests.test_civil_quarter_sources.SourceClosureTests.test_missing_malformed_or_conflicting_hash_rejects) ... ok
test_only_selected_metadata_and_active_snapshot_bytes_are_read (tests.test_civil_quarter_sources.SourceClosureTests.test_only_selected_metadata_and_active_snapshot_bytes_are_read) ... ok
test_outside_fence_does_not_inspect_snapshot_path_or_hash (tests.test_civil_quarter_sources.SourceClosureTests.test_outside_fence_does_not_inspect_snapshot_path_or_hash) ... ok
test_outside_ledger_directory_closure_reaches_frozen_scanner (tests.test_civil_quarter_sources.SourceClosureTests.test_outside_ledger_directory_closure_reaches_frozen_scanner) ... ok
test_same_path_conflicting_active_declarations_reject (tests.test_civil_quarter_sources.SourceClosureTests.test_same_path_conflicting_active_declarations_reject) ... ok
test_snapshot_content_is_not_decoded_during_collection (tests.test_civil_quarter_sources.SourceClosureTests.test_snapshot_content_is_not_decoded_during_collection) ... ok
test_snapshot_returns_single_checked_bytes_even_if_path_changes_later (tests.test_civil_quarter_sources.SourceClosureTests.test_snapshot_returns_single_checked_bytes_even_if_path_changes_later) ... ok
test_snapshot_tamper_after_collection_fails_before_staging (tests.test_civil_quarter_sources.SourceClosureTests.test_snapshot_tamper_after_collection_fails_before_staging) ... ok
test_symlink_escape_rejects_but_confined_symlink_is_valid (tests.test_civil_quarter_sources.SourceClosureTests.test_symlink_escape_rejects_but_confined_symlink_is_valid) ... ok
test_unmarked_outside_fence_is_rejected (tests.test_civil_quarter_sources.SourceClosureTests.test_unmarked_outside_fence_is_rejected) ... ok
test_unsafe_reference_paths_reject (tests.test_civil_quarter_sources.SourceClosureTests.test_unsafe_reference_paths_reject) ... ok
test_actual_legacy_asp_pattern_is_preserved (tests.test_claims_release_archive.ClaimsReleaseArchiveTests.test_actual_legacy_asp_pattern_is_preserved) ... ok
test_base_href_cannot_silently_rebase_relative_release_identity (tests.test_claims_release_archive.ClaimsReleaseArchiveTests.test_base_href_cannot_silently_rebase_relative_release_identity) ... ok
test_competing_same_date_paths_rejected_including_postcutoff (tests.test_claims_release_archive.ClaimsReleaseArchiveTests.test_competing_same_date_paths_rejected_including_postcutoff) ... ok
test_conflicting_or_duplicate_bold_year_headers_rejected (tests.test_claims_release_archive.ClaimsReleaseArchiveTests.test_conflicting_or_duplicate_bold_year_headers_rejected) ... ok
test_duplicate_href_attributes_are_rejected (tests.test_claims_release_archive.ClaimsReleaseArchiveTests.test_duplicate_href_attributes_are_rejected) ... ok
test_equivalent_relative_http_https_links_deduplicate (tests.test_claims_release_archive.ClaimsReleaseArchiveTests.test_equivalent_relative_http_https_links_deduplicate) ... ok
test_exact_metadata_schema_keeps_wednesday_and_orders_dates (tests.test_claims_release_archive.ClaimsReleaseArchiveTests.test_exact_metadata_schema_keeps_wednesday_and_orders_dates) ... ok
test_hash_failure_precedes_html_decoding (tests.test_claims_release_archive.ClaimsReleaseArchiveTests.test_hash_failure_precedes_html_decoding) ... ok
test_invalid_calendar_dates_and_filename_years_rejected (tests.test_claims_release_archive.ClaimsReleaseArchiveTests.test_invalid_calendar_dates_and_filename_years_rejected) ... ok
test_legacy_non_ascii_surrounding_text_does_not_change_ascii_identity (tests.test_claims_release_archive.ClaimsReleaseArchiveTests.test_legacy_non_ascii_surrounding_text_does_not_change_ascii_identity) ... ok
test_observed_bold_year_header_is_required (tests.test_claims_release_archive.ClaimsReleaseArchiveTests.test_observed_bold_year_header_is_required) ... ok
test_observed_bold_year_header_must_match_requested_year (tests.test_claims_release_archive.ClaimsReleaseArchiveTests.test_observed_bold_year_header_must_match_requested_year) ... ok
test_postcutoff_links_are_separate_even_when_all_links_are_late (tests.test_claims_release_archive.ClaimsReleaseArchiveTests.test_postcutoff_links_are_separate_even_when_all_links_are_late) ... ok
test_reject_empty_error_and_non_html_responses (tests.test_claims_release_archive.ClaimsReleaseArchiveTests.test_reject_empty_error_and_non_html_responses) ... ok
test_release_query_fragment_encoding_and_unknown_extension_rejected (tests.test_claims_release_archive.ClaimsReleaseArchiveTests.test_release_query_fragment_encoding_and_unknown_extension_rejected) ... ok
test_release_shaped_foreign_credential_port_or_unsafe_urls_rejected (tests.test_claims_release_archive.ClaimsReleaseArchiveTests.test_release_shaped_foreign_credential_port_or_unsafe_urls_rejected) ... ok
test_requested_year_must_match_all_release_paths (tests.test_claims_release_archive.ClaimsReleaseArchiveTests.test_requested_year_must_match_all_release_paths) ... ok
test_typed_hash_payload_year_and_ceiling_contracts (tests.test_claims_release_archive.ClaimsReleaseArchiveTests.test_typed_hash_payload_year_and_ceiling_contracts) ... ok
test_unrelated_navigation_scripts_and_text_are_ignored (tests.test_claims_release_archive.ClaimsReleaseArchiveTests.test_unrelated_navigation_scripts_and_text_are_ignored) ... ok
test_valid_leap_day_is_not_restricted_to_thursday (tests.test_claims_release_archive.ClaimsReleaseArchiveTests.test_valid_leap_day_is_not_restricted_to_thursday) ... ok
test_calendar_validation_and_postcutoff_fail_before_feature_math (tests.test_claims_release_features.ClaimsReleaseFeatureTests.test_calendar_validation_and_postcutoff_fail_before_feature_math) ... ok
test_conflicting_audit_values_never_replace_latest_unresolved_value (tests.test_claims_release_features.ClaimsReleaseFeatureTests.test_conflicting_audit_values_never_replace_latest_unresolved_value) ... ok
test_duplicate_weeks_or_release_dates_are_ambiguous (tests.test_claims_release_features.ClaimsReleaseFeatureTests.test_duplicate_weeks_or_release_dates_are_ambiguous) ... ok
test_each_prior_report_must_itself_be_published_before_origin (tests.test_claims_release_features.ClaimsReleaseFeatureTests.test_each_prior_report_must_itself_be_published_before_origin) ... ok
test_exact_schema_prior_day_rule_and_arithmetic (tests.test_claims_release_features.ClaimsReleaseFeatureTests.test_exact_schema_prior_day_rule_and_arithmetic) ... ok
test_expiry_at_eight_days_without_future_release_calendar (tests.test_claims_release_features.ClaimsReleaseFeatureTests.test_expiry_at_eight_days_without_future_release_calendar) ... ok
test_future_values_and_comparison_dates_do_not_change_earlier_features (tests.test_claims_release_features.ClaimsReleaseFeatureTests.test_future_values_and_comparison_dates_do_not_change_earlier_features) ... ok
test_input_order_does_not_change_result_and_inputs_unchanged (tests.test_claims_release_features.ClaimsReleaseFeatureTests.test_input_order_does_not_change_result_and_inputs_unchanged) ... ok
test_invalid_ledger_values_dates_and_statuses_fail_closed (tests.test_claims_release_features.ClaimsReleaseFeatureTests.test_invalid_ledger_values_dates_and_statuses_fail_closed) ... ok
test_missing_reference_week_is_not_skipped (tests.test_claims_release_features.ClaimsReleaseFeatureTests.test_missing_reference_week_is_not_skipped) ... ok
test_no_admitted_release_row_preserves_gap_without_invented_publication (tests.test_claims_release_features.ClaimsReleaseFeatureTests.test_no_admitted_release_row_preserves_gap_without_invented_publication) ... ok
test_no_prior_release_and_empty_calendar_are_explicit (tests.test_claims_release_features.ClaimsReleaseFeatureTests.test_no_prior_release_and_empty_calendar_are_explicit) ... ok
test_unresolved_week_breaks_subsequent_five_report_chain (tests.test_claims_release_features.ClaimsReleaseFeatureTests.test_unresolved_week_breaks_subsequent_five_report_chain) ... ok
test_wednesday_release_and_sparse_holiday_calendar_keep_every_origin (tests.test_claims_release_features.ClaimsReleaseFeatureTests.test_wednesday_release_and_sparse_holiday_calendar_keep_every_origin) ... ok
test_all_source_calendars_preflight_before_any_numeric_decode (tests.test_claims_release_inputs.ClaimsReleaseInputsTests.test_all_source_calendars_preflight_before_any_numeric_decode) ... ok
test_date_only_preflight_rejects_bad_calendar_before_numeric_decode (tests.test_claims_release_inputs.ClaimsReleaseInputsTests.test_date_only_preflight_rejects_bad_calendar_before_numeric_decode) ... ok
test_every_hash_verified_before_any_parquet_decoding (tests.test_claims_release_inputs.ClaimsReleaseInputsTests.test_every_hash_verified_before_any_parquet_decoding) ... ok
test_exact_source_inventory_and_literal_hashes_required (tests.test_claims_release_inputs.ClaimsReleaseInputsTests.test_exact_source_inventory_and_literal_hashes_required) ... ok
test_missing_dates_and_values_are_preserved_without_fill (tests.test_claims_release_inputs.ClaimsReleaseInputsTests.test_missing_dates_and_values_are_preserved_without_fill) ... ok
test_only_declared_columns_and_bounded_dates_are_decoded (tests.test_claims_release_inputs.ClaimsReleaseInputsTests.test_only_declared_columns_and_bounded_dates_are_decoded) ... ok
test_verified_bytes_are_the_bytes_decoded (tests.test_claims_release_inputs.ClaimsReleaseInputsTests.test_verified_bytes_are_the_bytes_decoded) ... ok
test_generated_source_gaps_and_opaque_audit_counts_survive_full_chain (tests.test_claims_release_integration.ClaimsReleaseIntegrationTests.test_generated_source_gaps_and_opaque_audit_counts_survive_full_chain) ... ok
test_generated_sources_to_independently_verified_forecasts_and_scores (tests.test_claims_release_integration.ClaimsReleaseIntegrationTests.test_generated_sources_to_independently_verified_forecasts_and_scores) ... ok
test_2017_model_value_is_unknown_but_release_date_and_audit_survive (tests.test_claims_release_ledger.FirstReportLedgerTests.test_2017_model_value_is_unknown_but_release_date_and_audit_survive) ... ok
test_2018_delayed_alfred_clock_can_equal_next_weeks_clock (tests.test_claims_release_ledger.FirstReportLedgerTests.test_2018_delayed_alfred_clock_can_equal_next_weeks_clock) ... ok
test_2018_original_value_and_date_are_retained_with_both_disagreements (tests.test_claims_release_ledger.FirstReportLedgerTests.test_2018_original_value_and_date_are_retained_with_both_disagreements) ... ok
test_bounds_and_all_source_clocks_are_strict_iso_saturdays_and_ceiling (tests.test_claims_release_ledger.FirstReportLedgerTests.test_bounds_and_all_source_clocks_are_strict_iso_saturdays_and_ceiling) ... ok
test_complete_default_grid_has_literal_dispositions_and_no_compression (tests.test_claims_release_ledger.FirstReportLedgerTests.test_complete_default_grid_has_literal_dispositions_and_no_compression) ... ok
test_dated_url_identity_and_text_digest_are_required (tests.test_claims_release_ledger.FirstReportLedgerTests.test_dated_url_identity_and_text_digest_are_required) ... ok
test_documented_counts_do_not_create_exceptions_on_other_weeks (tests.test_claims_release_ledger.FirstReportLedgerTests.test_documented_counts_do_not_create_exceptions_on_other_weeks) ... ok
test_duplicate_dol_release_date_is_ambiguous (tests.test_claims_release_ledger.FirstReportLedgerTests.test_duplicate_dol_release_date_is_ambiguous) ... ok
test_duplicate_reference_weeks_reject_identical_and_conflicting_sources (tests.test_claims_release_ledger.FirstReportLedgerTests.test_duplicate_reference_weeks_reject_identical_and_conflicting_sources) ... ok
test_each_exception_requires_all_literal_counts_and_dates (tests.test_claims_release_ledger.FirstReportLedgerTests.test_each_exception_requires_all_literal_counts_and_dates) ... ok
test_every_report_requires_an_explicit_matching_body_date (tests.test_claims_release_ledger.FirstReportLedgerTests.test_every_report_requires_an_explicit_matching_body_date) ... ok
test_exact_ordinary_schema_and_separate_comparison_clock (tests.test_claims_release_ledger.FirstReportLedgerTests.test_exact_ordinary_schema_and_separate_comparison_clock) ... ok
test_four_declared_tail_weeks_preserve_absence_without_a_release_date (tests.test_claims_release_ledger.FirstReportLedgerTests.test_four_declared_tail_weeks_preserve_absence_without_a_release_date) ... ok
test_input_order_does_not_change_sorted_grid (tests.test_claims_release_ledger.FirstReportLedgerTests.test_input_order_does_not_change_sorted_grid) ... ok
test_interior_and_boundary_gaps_are_rejected_not_dropped (tests.test_claims_release_ledger.FirstReportLedgerTests.test_interior_and_boundary_gaps_are_rejected_not_dropped) ... ok
test_missing_exception_sources_are_not_treated_as_documented_absence (tests.test_claims_release_ledger.FirstReportLedgerTests.test_missing_exception_sources_are_not_treated_as_documented_absence) ... ok
test_missing_extra_schema_keys_and_nonlist_inputs_are_rejected (tests.test_claims_release_ledger.FirstReportLedgerTests.test_missing_extra_schema_keys_and_nonlist_inputs_are_rejected) ... ok
test_no_input_mutation_or_output_aliases_on_success_and_failure (tests.test_claims_release_ledger.FirstReportLedgerTests.test_no_input_mutation_or_output_aliases_on_success_and_failure) ... ok
test_noncalendar_dol_identity_remains_valid_with_matching_body_date (tests.test_claims_release_ledger.FirstReportLedgerTests.test_noncalendar_dol_identity_remains_valid_with_matching_body_date) ... ok
test_nonpositive_nonintegral_boolean_and_nonfinite_counts_are_invalid (tests.test_claims_release_ledger.FirstReportLedgerTests.test_nonpositive_nonintegral_boolean_and_nonfinite_counts_are_invalid) ... ok
test_ordinary_alfred_week_value_date_and_missingness_must_agree (tests.test_claims_release_ledger.FirstReportLedgerTests.test_ordinary_alfred_week_value_date_and_missingness_must_agree) ... ok
test_out_of_scope_rows_are_rejected_on_each_side (tests.test_claims_release_ledger.FirstReportLedgerTests.test_out_of_scope_rows_are_rejected_on_each_side) ... ok
test_tail_cannot_acquire_a_report_or_alfred_value_or_missing_record (tests.test_claims_release_ledger.FirstReportLedgerTests.test_tail_cannot_acquire_a_report_or_alfred_value_or_missing_record) ... ok
test_exact_next_five_full_sessions_and_end_dates (tests.test_claims_release_market.FiveSessionTargetsTests.test_exact_next_five_full_sessions_and_end_dates) ... ok
test_missing_forward_value_invalidates_mean_without_changing_endpoint (tests.test_claims_release_market.FiveSessionTargetsTests.test_missing_forward_value_invalidates_mean_without_changing_endpoint) ... ok
test_nonpositive_or_infinite_observed_rv_is_rejected (tests.test_claims_release_market.FiveSessionTargetsTests.test_nonpositive_or_infinite_observed_rv_is_rejected) ... ok
test_target_calendar_validation_and_ceiling_precede_arithmetic (tests.test_claims_release_market.FiveSessionTargetsTests.test_target_calendar_validation_and_ceiling_precede_arithmetic) ... ok
test_target_does_not_use_current_value_or_values_after_its_endpoint (tests.test_claims_release_market.FiveSessionTargetsTests.test_target_does_not_use_current_value_or_values_after_its_endpoint) ... ok
test_target_input_types_and_short_history (tests.test_claims_release_market.FiveSessionTargetsTests.test_target_input_types_and_short_history) ... ok
test_target_transport_units_and_no_input_mutation (tests.test_claims_release_market.FiveSessionTargetsTests.test_target_transport_units_and_no_input_mutation) ... ok
test_all_calendar_units_keep_the_same_values_and_session_order (tests.test_claims_release_market.MarketFeaturesTests.test_all_calendar_units_keep_the_same_values_and_session_order) ... ok
test_ceiling_on_every_calendar_is_checked_before_logarithms (tests.test_claims_release_market.MarketFeaturesTests.test_ceiling_on_every_calendar_is_checked_before_logarithms) ... ok
test_cross_stress_matches_past_only_252_sample_std_oracle (tests.test_claims_release_market.MarketFeaturesTests.test_cross_stress_matches_past_only_252_sample_std_oracle) ... ok
test_empty_auxiliary_calendars_mean_unavailable_inputs (tests.test_claims_release_market.MarketFeaturesTests.test_empty_auxiliary_calendars_mean_unavailable_inputs) ... ok
test_exact_output_columns_full_index_and_no_unused_features (tests.test_claims_release_market.MarketFeaturesTests.test_exact_output_columns_full_index_and_no_unused_features) ... ok
test_exact_required_columns_real_numeric_types_and_nonempty_daily (tests.test_claims_release_market.MarketFeaturesTests.test_exact_required_columns_real_numeric_types_and_nonempty_daily) ... ok
test_future_mutation_and_prefix_truncation_leave_features_unchanged (tests.test_claims_release_market.MarketFeaturesTests.test_future_mutation_and_prefix_truncation_leave_features_unchanged) ... ok
test_genuine_nullable_numeric_missing_values_are_supported (tests.test_claims_release_market.MarketFeaturesTests.test_genuine_nullable_numeric_missing_values_are_supported) ... ok
test_gk_floor_applies_before_raw_overnight_is_added (tests.test_claims_release_market.MarketFeaturesTests.test_gk_floor_applies_before_raw_overnight_is_added) ... ok
test_gk_raw_overnight_and_har_arithmetic_variance_means (tests.test_claims_release_market.MarketFeaturesTests.test_gk_raw_overnight_and_har_arithmetic_variance_means) ... ok
test_impossible_ohlc_geometry_rejected_even_with_another_missing_price (tests.test_claims_release_market.MarketFeaturesTests.test_impossible_ohlc_geometry_rejected_even_with_another_missing_price) ... ok
test_inputs_are_not_mutated_or_aliased (tests.test_claims_release_market.MarketFeaturesTests.test_inputs_are_not_mutated_or_aliased) ... ok
test_iv_is_aligned_then_delayed_one_observed_daily_session (tests.test_claims_release_market.MarketFeaturesTests.test_iv_is_aligned_then_delayed_one_observed_daily_session) ... ok
test_leverage_clips_after_rolling_adjusted_returns (tests.test_claims_release_market.MarketFeaturesTests.test_leverage_clips_after_rolling_adjusted_returns) ... ok
test_malformed_calendars_are_rejected_for_all_three_sources (tests.test_claims_release_market.MarketFeaturesTests.test_malformed_calendars_are_rejected_for_all_three_sources) ... ok
test_market_stress_uses_positive_parts_of_two_prior_standardizations (tests.test_claims_release_market.MarketFeaturesTests.test_market_stress_uses_positive_parts_of_two_prior_standardizations) ... ok
test_missing_cross_constituent_is_not_skipped_or_forward_filled (tests.test_claims_release_market.MarketFeaturesTests.test_missing_cross_constituent_is_not_skipped_or_forward_filled) ... ok
test_missing_prior_observations_count_toward_minimum_without_calendar_compression (tests.test_claims_release_market.MarketFeaturesTests.test_missing_prior_observations_count_toward_minimum_without_calendar_compression) ... ok
test_missing_volume_overnight_and_adjusted_prices_remain_undefined (tests.test_claims_release_market.MarketFeaturesTests.test_missing_volume_overnight_and_adjusted_prices_remain_undefined) ... ok
test_nonpositive_prices_iv_and_infinity_negative_volume_are_invalid (tests.test_claims_release_market.MarketFeaturesTests.test_nonpositive_prices_iv_and_infinity_negative_volume_are_invalid) ... ok
test_zero_prior_scales_produce_missing_stresses_without_epsilon_fallback (tests.test_claims_release_market.MarketFeaturesTests.test_zero_prior_scales_produce_missing_stresses_without_epsilon_fallback) ... ok
test_all_arm_validation_precedes_any_fit (tests.test_claims_release_models.ClaimsReleaseModelTests.test_all_arm_validation_precedes_any_fit) ... ok
test_column_order_and_opaque_provenance_do_not_change_model (tests.test_claims_release_models.ClaimsReleaseModelTests.test_column_order_and_opaque_provenance_do_not_change_model) ... ok
test_fixed_constants_and_three_independent_ols_smearing_oracles (tests.test_claims_release_models.ClaimsReleaseModelTests.test_fixed_constants_and_three_independent_ols_smearing_oracles) ... ok
test_inputs_are_not_modified_and_empty_application_is_retained (tests.test_claims_release_models.ClaimsReleaseModelTests.test_inputs_are_not_modified_and_empty_application_is_retained) ... ok
test_missing_duplicate_non_numeric_boolean_and_nonfinite_columns_fail (tests.test_claims_release_models.ClaimsReleaseModelTests.test_missing_duplicate_non_numeric_boolean_and_nonfinite_columns_fail) ... ok
test_prediction_overflow_or_underflow_aborts_instead_of_clipping (tests.test_claims_release_models.ClaimsReleaseModelTests.test_prediction_overflow_or_underflow_aborts_instead_of_clipping) ... ok
test_query_values_do_not_influence_fits_or_scaling (tests.test_claims_release_models.ClaimsReleaseModelTests.test_query_values_do_not_influence_fits_or_scaling) ... ok
test_saved_named_audit_reconstructs_every_prediction (tests.test_claims_release_models.ClaimsReleaseModelTests.test_saved_named_audit_reconstructs_every_prediction) ... ok
test_stable_log_smearing_handles_extreme_residuals (tests.test_claims_release_models.ClaimsReleaseModelTests.test_stable_log_smearing_handles_extreme_residuals) ... ok
test_target_units_and_feature_affine_units_transport (tests.test_claims_release_models.ClaimsReleaseModelTests.test_target_units_and_feature_affine_units_transport) ... ok
test_targets_require_positive_finite_numeric_one_dimensional_aligned_values (tests.test_claims_release_models.ClaimsReleaseModelTests.test_targets_require_positive_finite_numeric_one_dimensional_aligned_values) ... ok
test_zero_scale_and_relative_rank_failure_never_drop_a_feature (tests.test_claims_release_models.ClaimsReleaseModelTests.test_zero_scale_and_relative_rank_failure_never_drop_a_feature) ... ok
test_config_requires_typed_chronological_bounded_dates_and_floors (tests.test_claims_release_pipeline.ClaimsReleasePipelineTests.test_config_requires_typed_chronological_bounded_dates_and_floors) ... ok
test_first_complete_origin_precedes_query_label_filter (tests.test_claims_release_pipeline.ClaimsReleasePipelineTests.test_first_complete_origin_precedes_query_label_filter) ... ok
test_full_calendar_offsets_missingness_and_order (tests.test_claims_release_pipeline.ClaimsReleasePipelineTests.test_full_calendar_offsets_missingness_and_order) ... ok
test_future_label_permutation_or_unknown_cannot_change_schedule_or_previous_forecasts (tests.test_claims_release_pipeline.ClaimsReleasePipelineTests.test_future_label_permutation_or_unknown_cannot_change_schedule_or_previous_forecasts) ... ok
test_input_calendars_and_target_end_mapping_fail_before_fit (tests.test_claims_release_pipeline.ClaimsReleasePipelineTests.test_input_calendars_and_target_end_mapping_fail_before_fit) ... ok
test_maturity_uses_previous_full_session_and_common_candidate_cohort (tests.test_claims_release_pipeline.ClaimsReleasePipelineTests.test_maturity_uses_previous_full_session_and_common_candidate_cohort) ... ok
test_model_error_aborts_and_malformed_or_unsafe_predictions_raise (tests.test_claims_release_pipeline.ClaimsReleasePipelineTests.test_model_error_aborts_and_malformed_or_unsafe_predictions_raise) ... ok
test_months_with_no_complete_or_requested_origins_remain_visible (tests.test_claims_release_pipeline.ClaimsReleasePipelineTests.test_months_with_no_complete_or_requested_origins_remain_visible) ... ok
test_nonfinite_nonreal_and_invalid_claim_metadata_rejected (tests.test_claims_release_pipeline.ClaimsReleasePipelineTests.test_nonfinite_nonreal_and_invalid_claim_metadata_rejected) ... ok
test_outside_phase_origin_and_fully_empty_application_months (tests.test_claims_release_pipeline.ClaimsReleasePipelineTests.test_outside_phase_origin_and_fully_empty_application_months) ... ok
test_qlike_matches_formula_without_clipping (tests.test_claims_release_pipeline.ClaimsReleasePipelineTests.test_qlike_matches_formula_without_clipping) ... ok
test_registered_monthly_support_failure_retains_insufficient_data_classification (tests.test_claims_release_pipeline.ClaimsReleasePipelineTests.test_registered_monthly_support_failure_retains_insufficient_data_classification) ... ok
test_training_and_release_support_fail_before_any_fit (tests.test_claims_release_pipeline.ClaimsReleasePipelineTests.test_training_and_release_support_fail_before_any_fit) ... ok
test_unmocked_monthly_models_match_explicit_mature_cohort_and_inputs_unchanged (tests.test_claims_release_pipeline.ClaimsReleasePipelineTests.test_unmocked_monthly_models_match_explicit_mature_cohort_and_inputs_unchanged) ... ok
test_unscored_applications_and_phase_cutoffs_are_explicit (tests.test_claims_release_pipeline.ClaimsReleasePipelineTests.test_unscored_applications_and_phase_cutoffs_are_explicit) ... ok
test_fixed_two_comparison_wave_and_date_fences (tests.test_claims_release_protocol.ClaimsReleaseProtocolTests.test_fixed_two_comparison_wave_and_date_fences) ... ok
test_no_grid_timing_or_gate_mutation (tests.test_claims_release_protocol.ClaimsReleaseProtocolTests.test_no_grid_timing_or_gate_mutation) ... ok
test_all_records_exactly_reconciled_with_distinct_clock_fields (tests.test_claims_release_reconcile.ReconciliationTests.test_all_records_exactly_reconciled_with_distinct_clock_fields) ... ok
test_both_sided_coverage_and_explicit_missing_values (tests.test_claims_release_reconcile.ReconciliationTests.test_both_sided_coverage_and_explicit_missing_values) ... ok
test_date_and_value_mismatches_are_explicit_and_never_silently_replaced (tests.test_claims_release_reconcile.ReconciliationTests.test_date_and_value_mismatches_are_explicit_and_never_silently_replaced) ... ok
test_duplicate_weeks_and_release_dates_are_invalid (tests.test_claims_release_reconcile.ReconciliationTests.test_duplicate_weeks_and_release_dates_are_invalid) ... ok
test_empty_scope_is_explicitly_incomplete (tests.test_claims_release_reconcile.ReconciliationTests.test_empty_scope_is_explicitly_incomplete) ... ok
test_interior_week_omitted_on_both_sides_is_not_complete (tests.test_claims_release_reconcile.ReconciliationTests.test_interior_week_omitted_on_both_sides_is_not_complete) ... ok
test_malformed_records_cannot_be_dropped (tests.test_claims_release_reconcile.ReconciliationTests.test_malformed_records_cannot_be_dropped) ... ok
test_malformed_reports_cannot_be_used_as_independent_confirmation (tests.test_claims_release_reconcile.ReconciliationTests.test_malformed_reports_cannot_be_used_as_independent_confirmation) ... ok
test_absent_body_header_is_disclosed_and_other_header_forms_checked (tests.test_claims_release_reconcile.ReleaseTextTests.test_absent_body_header_is_disclosed_and_other_header_forms_checked) ... ok
test_duplicate_or_conflicting_initial_headlines_are_ambiguous (tests.test_claims_release_reconcile.ReleaseTextTests.test_duplicate_or_conflicting_initial_headlines_are_ambiguous) ... ok
test_exact_initial_headline_and_separate_body_date_evidence (tests.test_claims_release_reconcile.ReleaseTextTests.test_exact_initial_headline_and_separate_body_date_evidence) ... ok
test_explicit_week_year_and_year_rollover (tests.test_claims_release_reconcile.ReleaseTextTests.test_explicit_week_year_and_year_rollover) ... ok
test_extracted_whitespace_case_and_thousands_separators (tests.test_claims_release_reconcile.ReleaseTextTests.test_extracted_whitespace_case_and_thousands_separators) ... ok
test_malformed_nonfinite_nonintegral_and_nonpositive_counts_fail (tests.test_claims_release_reconcile.ReleaseTextTests.test_malformed_nonfinite_nonintegral_and_nonpositive_counts_fail) ... ok
test_missing_year_does_not_search_older_years_for_a_saturday (tests.test_claims_release_reconcile.ReleaseTextTests.test_missing_year_does_not_search_older_years_for_a_saturday) ... ok
test_prior_revised_continued_and_unadjusted_values_are_not_substituted (tests.test_claims_release_reconcile.ReleaseTextTests.test_prior_revised_continued_and_unadjusted_values_are_not_substituted) ... ok
test_release_ceiling_and_strict_input_types (tests.test_claims_release_reconcile.ReleaseTextTests.test_release_ceiling_and_strict_input_types) ... ok
test_url_must_be_official_dated_identity_matching_release (tests.test_claims_release_reconcile.ReleaseTextTests.test_url_must_be_official_dated_identity_matching_release) ... ok
test_wednesday_release_allowed_but_wrong_body_date_or_weekday_rejected (tests.test_claims_release_reconcile.ReleaseTextTests.test_wednesday_release_allowed_but_wrong_body_date_or_weekday_rejected) ... ok
test_week_dates_must_be_real_saturdays_strictly_before_release (tests.test_claims_release_reconcile.ReleaseTextTests.test_week_dates_must_be_real_saturdays_strictly_before_release) ... ok
test_body_date_space_before_comma_preserves_explicit_evidence (tests.test_claims_release_reconcile_formats.ClaimsReleaseExtractionFormatTests.test_body_date_space_before_comma_preserves_explicit_evidence) ... ok
test_dummy_file_has_no_headline_and_cannot_become_a_report (tests.test_claims_release_reconcile_formats.ClaimsReleaseExtractionFormatTests.test_dummy_file_has_no_headline_and_cannot_become_a_report) ... ok
test_format_support_does_not_relax_number_validation (tests.test_claims_release_reconcile_formats.ClaimsReleaseExtractionFormatTests.test_format_support_does_not_relax_number_validation) ... ok
test_format_support_does_not_repair_invalid_dates_or_delimiters (tests.test_claims_release_reconcile_formats.ClaimsReleaseExtractionFormatTests.test_format_support_does_not_repair_invalid_dates_or_delimiters) ... ok
test_formats_compose_without_changing_first_count_or_source_text_hash (tests.test_claims_release_reconcile_formats.ClaimsReleaseExtractionFormatTests.test_formats_compose_without_changing_first_count_or_source_text_hash) ... ok
test_letter_punctuation_and_other_word_repairs_are_not_allowed (tests.test_claims_release_reconcile_formats.ClaimsReleaseExtractionFormatTests.test_letter_punctuation_and_other_word_repairs_are_not_allowed) ... ok
test_new_format_headlines_are_counted_for_ambiguity (tests.test_claims_release_reconcile_formats.ClaimsReleaseExtractionFormatTests.test_new_format_headlines_are_counted_for_ambiguity) ... ok
test_newly_recognized_wrong_or_conflicting_body_dates_fail (tests.test_claims_release_reconcile_formats.ClaimsReleaseExtractionFormatTests.test_newly_recognized_wrong_or_conflicting_body_dates_fail) ... ok
test_only_whitespace_may_split_the_exact_headline_word_advance (tests.test_claims_release_reconcile_formats.ClaimsReleaseExtractionFormatTests.test_only_whitespace_may_split_the_exact_headline_word_advance) ... ok
test_recognized_body_weekday_still_must_match_spaced_date (tests.test_claims_release_reconcile_formats.ClaimsReleaseExtractionFormatTests.test_recognized_body_weekday_still_must_match_spaced_date) ... ok
test_reference_day_comma_is_optional_without_erasing_boundaries (tests.test_claims_release_reconcile_formats.ClaimsReleaseExtractionFormatTests.test_reference_day_comma_is_optional_without_erasing_boundaries) ... ok
test_revised_continued_and_unadjusted_substitutions_still_fail (tests.test_claims_release_reconcile_formats.ClaimsReleaseExtractionFormatTests.test_revised_continued_and_unadjusted_substitutions_still_fail) ... ok
test_both_identity_classes_reject_conflicting_or_wrong_body_dates (tests.test_claims_release_reconcile_identity.ClaimsReleaseIdentityTests.test_both_identity_classes_reject_conflicting_or_wrong_body_dates) ... ok
test_both_noncalendar_identity_classes_reject_absent_body_dates (tests.test_claims_release_reconcile_identity.ClaimsReleaseIdentityTests.test_both_noncalendar_identity_classes_reject_absent_body_dates) ... ok
test_exact_observed_2019_filename_exception_is_retained_without_rewriting (tests.test_claims_release_reconcile_identity.ClaimsReleaseIdentityTests.test_exact_observed_2019_filename_exception_is_retained_without_rewriting) ... ok
test_no_other_mistyped_filename_or_exception_release_date_is_allowed (tests.test_claims_release_reconcile_identity.ClaimsReleaseIdentityTests.test_no_other_mistyped_filename_or_exception_release_date_is_allowed) ... ok
test_opa_host_path_numeric_year_and_ceiling_remain_strict (tests.test_claims_release_reconcile_identity.ClaimsReleaseIdentityTests.test_opa_host_path_numeric_year_and_ceiling_remain_strict) ... ok
test_opa_numeric_identity_requires_body_date_and_uses_release_year (tests.test_claims_release_reconcile_identity.ClaimsReleaseIdentityTests.test_opa_numeric_identity_requires_body_date_and_uses_release_year) ... ok
test_ordinary_calendar_url_keeps_existing_optional_body_date_contract (tests.test_claims_release_reconcile_identity.ClaimsReleaseIdentityTests.test_ordinary_calendar_url_keeps_existing_optional_body_date_contract) ... ok
test_serialized_noncalendar_reports_cannot_drop_body_date_evidence (tests.test_claims_release_reconcile_identity.ClaimsReleaseIdentityTests.test_serialized_noncalendar_reports_cannot_drop_body_date_evidence) ... ok
test_complete_family_effect_support_and_shared_inference (tests.test_claims_release_score.ClaimsReleaseScoreTests.test_complete_family_effect_support_and_shared_inference) ... ok
test_empty_valid_panel_is_insufficient_data (tests.test_claims_release_score.ClaimsReleaseScoreTests.test_empty_valid_panel_is_insufficient_data) ... ok
test_inheritance_preserves_every_existing_row_and_new_three (tests.test_claims_release_score.ClaimsReleaseScoreTests.test_inheritance_preserves_every_existing_row_and_new_three) ... ok
test_one_improving_contrast_is_not_a_lead (tests.test_claims_release_score.ClaimsReleaseScoreTests.test_one_improving_contrast_is_not_a_lead) ... ok
test_panel_corruptions_rejected_before_inference (tests.test_claims_release_score.ClaimsReleaseScoreTests.test_panel_corruptions_rejected_before_inference) ... ok
test_phase_slice_release_and_offset_support_fail_whole_wave (tests.test_claims_release_score.ClaimsReleaseScoreTests.test_phase_slice_release_and_offset_support_fail_whole_wave) ... ok
test_prior_comparisons_cannot_be_dropped_or_invalid (tests.test_claims_release_score.ClaimsReleaseScoreTests.test_prior_comparisons_cannot_be_dropped_or_invalid) ... ok
test_registered_failures_keep_two_p_one_comparisons (tests.test_claims_release_score.ClaimsReleaseScoreTests.test_registered_failures_keep_two_p_one_comparisons) ... ok
test_release_weighted_mean_is_mean_of_group_means (tests.test_claims_release_score.ClaimsReleaseScoreTests.test_release_weighted_mean_is_mean_of_group_means) ... ok
test_every_pin_enforced_without_rewriting_evidence (tests.test_claims_release_search.ClaimsReleaseSearchTests.test_every_pin_enforced_without_rewriting_evidence) ... ok
test_full_suite_summary_allows_buffered_stdout_after_success (tests.test_claims_release_search.ClaimsReleaseSearchTests.test_full_suite_summary_allows_buffered_stdout_after_success) ... ok
test_incomplete_output_family_becomes_invalid_whole_wave (tests.test_claims_release_search.ClaimsReleaseSearchTests.test_incomplete_output_family_becomes_invalid_whole_wave) ... ok
test_invalid_prior_stops_before_registration_and_callback (tests.test_claims_release_search.ClaimsReleaseSearchTests.test_invalid_prior_stops_before_registration_and_callback) ... ok
test_no_overwrite_or_repeated_attempt_callback (tests.test_claims_release_search.ClaimsReleaseSearchTests.test_no_overwrite_or_repeated_attempt_callback) ... ok
test_registered_error_retains_both_comparisons_at_one (tests.test_claims_release_search.ClaimsReleaseSearchTests.test_registered_error_retains_both_comparisons_at_one) ... ok
test_registration_is_durable_before_numerical_callback (tests.test_claims_release_search.ClaimsReleaseSearchTests.test_registration_is_durable_before_numerical_callback) ... ok
test_archive_byte_and_expanded_limits_precede_member_reads (tests.test_claims_release_source.ClaimsReleaseSourceTests.test_archive_byte_and_expanded_limits_precede_member_reads) ... ok
test_ceiling_release_is_allowed_without_thursday_assumption (tests.test_claims_release_source.ClaimsReleaseSourceTests.test_ceiling_release_is_allowed_without_thursday_assumption) ... ok
test_corrupt_truncated_or_encrypted_archive_is_rejected (tests.test_claims_release_source.ClaimsReleaseSourceTests.test_corrupt_truncated_or_encrypted_archive_is_rejected) ... ok
test_duplicate_observation_or_conflicting_first_release_is_rejected (tests.test_claims_release_source.ClaimsReleaseSourceTests.test_duplicate_observation_or_conflicting_first_release_is_rejected) ... ok
test_duplicate_unexpected_and_unsafe_zip_members_are_rejected (tests.test_claims_release_source.ClaimsReleaseSourceTests.test_duplicate_unexpected_and_unsafe_zip_members_are_rejected) ... ok
test_initial_snapshot_excluded_before_value_conversion (tests.test_claims_release_source.ClaimsReleaseSourceTests.test_initial_snapshot_excluded_before_value_conversion) ... ok
test_initial_snapshot_old_backfill_never_becomes_first_report (tests.test_claims_release_source.ClaimsReleaseSourceTests.test_initial_snapshot_old_backfill_never_becomes_first_report) ... ok
test_invalid_numeric_row_fails_without_partial_panel (tests.test_claims_release_source.ClaimsReleaseSourceTests.test_invalid_numeric_row_fails_without_partial_panel) ... ok
test_invalid_request_clocks_fail_before_numeric_conversion (tests.test_claims_release_source.ClaimsReleaseSourceTests.test_invalid_request_clocks_fail_before_numeric_conversion) ... ok
test_late_post_ceiling_row_prevents_conversion_of_earlier_rows (tests.test_claims_release_source.ClaimsReleaseSourceTests.test_late_post_ceiling_row_prevents_conversion_of_earlier_rows) ... ok
test_late_row_structural_clock_errors_prevent_all_numeric_conversion (tests.test_claims_release_source.ClaimsReleaseSourceTests.test_late_row_structural_clock_errors_prevent_all_numeric_conversion) ... ok
test_missing_reference_weeks_include_edges_but_not_explicit_missing_rows (tests.test_claims_release_source.ClaimsReleaseSourceTests.test_missing_reference_weeks_include_edges_but_not_explicit_missing_rows) ... ok
test_missing_vintage_section_or_extra_unparseable_vintage_fails (tests.test_claims_release_source.ClaimsReleaseSourceTests.test_missing_vintage_section_or_extra_unparseable_vintage_fails) ... ok
test_numeric_tokens_are_positive_integral_or_explicitly_missing (tests.test_claims_release_source.ClaimsReleaseSourceTests.test_numeric_tokens_are_positive_integral_or_explicitly_missing) ... ok
test_plain_stored_archive_is_valid_and_nothing_is_extracted (tests.test_claims_release_source.ClaimsReleaseSourceTests.test_plain_stored_archive_is_valid_and_nothing_is_extracted) ... ok
test_provenance_request_hash_is_canonical_and_covers_extra_fields (tests.test_claims_release_source.ClaimsReleaseSourceTests.test_provenance_request_hash_is_canonical_and_covers_extra_fields) ... ok
test_readme_duplicate_identity_or_attribute_is_ambiguous (tests.test_claims_release_source.ClaimsReleaseSourceTests.test_readme_duplicate_identity_or_attribute_is_ambiguous) ... ok
test_readme_series_mode_and_all_six_attributes_are_binding (tests.test_claims_release_source.ClaimsReleaseSourceTests.test_readme_series_mode_and_all_six_attributes_are_binding) ... ok
test_readme_vintage_list_must_equal_sorted_unique_request (tests.test_claims_release_source.ClaimsReleaseSourceTests.test_readme_vintage_list_must_equal_sorted_unique_request) ... ok
test_request_semantics_cannot_be_relaxed_by_matching_readme (tests.test_claims_release_source.ClaimsReleaseSourceTests.test_request_semantics_cannot_be_relaxed_by_matching_readme) ... ok
test_unused_requested_revision_vintage_does_not_invent_a_release (tests.test_claims_release_source.ClaimsReleaseSourceTests.test_unused_requested_revision_vintage_does_not_invent_a_release) ... ok
test_valid_export_preserves_missing_and_independent_clocks_with_hashes (tests.test_claims_release_source.ClaimsReleaseSourceTests.test_valid_export_preserves_missing_and_independent_clocks_with_hashes) ... ok
test_wrong_hash_rejects_before_zip_or_numeric_processing (tests.test_claims_release_source.ClaimsReleaseSourceTests.test_wrong_hash_rejects_before_zip_or_numeric_processing) ... ok
test_wrong_header_and_late_malformed_csv_row_prevent_conversion (tests.test_claims_release_source.ClaimsReleaseSourceTests.test_wrong_header_and_late_malformed_csv_row_prevent_conversion) ... ok
test_zip_symlink_member_or_unsupported_compression_is_rejected (tests.test_claims_release_source.ClaimsReleaseSourceTests.test_zip_symlink_member_or_unsupported_compression_is_rejected) ... ok
test_documented_notes_continuation_remains_valid (tests.test_claims_release_source_attributes.ClaimsReleaseAttributeSpanTests.test_documented_notes_continuation_remains_valid) ... ok
test_duplicate_or_contradictory_dated_attribute_rows_fail_before_values (tests.test_claims_release_source_attributes.ClaimsReleaseAttributeSpanTests.test_duplicate_or_contradictory_dated_attribute_rows_fail_before_values) ... ok
test_2009_floor_blocks_both_prices_and_iv_before_any_history (tests.test_commodity_implied_features.CommodityFeatureTests.test_2009_floor_blocks_both_prices_and_iv_before_any_history) ... ok
test_all_calendars_checked_before_numerical_arithmetic (tests.test_commodity_implied_features.CommodityFeatureTests.test_all_calendars_checked_before_numerical_arithmetic) ... ok
test_exact_schema_and_independent_scalar_lagged_history (tests.test_commodity_implied_features.CommodityFeatureTests.test_exact_schema_and_independent_scalar_lagged_history) ... ok
test_invalid_shapes_types_values_and_dates_rejected (tests.test_commodity_implied_features.CommodityFeatureTests.test_invalid_shapes_types_values_and_dates_rejected) ... ok
test_iv_log_variance_avoids_square_underflow_for_positive_extremes (tests.test_commodity_implied_features.CommodityFeatureTests.test_iv_log_variance_avoids_square_underflow_for_positive_extremes) ... ok
test_missing_dates_are_aligned_before_delay_and_windows_never_skip (tests.test_commodity_implied_features.CommodityFeatureTests.test_missing_dates_are_aligned_before_delay_and_windows_never_skip) ... ok
test_nonzero_square_underflow_and_overflow_abort_instead_of_zero_or_missing (tests.test_commodity_implied_features.CommodityFeatureTests.test_nonzero_square_underflow_and_overflow_abort_instead_of_zero_or_missing) ... ok
test_same_day_mutation_cannot_change_current_or_earlier_features (tests.test_commodity_implied_features.CommodityFeatureTests.test_same_day_mutation_cannot_change_current_or_earlier_features) ... ok
test_unrelated_asset_values_opaque_price_units_and_inputs_unchanged (tests.test_commodity_implied_features.CommodityFeatureTests.test_unrelated_asset_values_opaque_price_units_and_inputs_unchanged) ... ok
test_zero_returns_valid_and_all_zero_variance_windows_unknown (tests.test_commodity_implied_features.CommodityFeatureTests.test_zero_returns_valid_and_all_zero_variance_windows_unknown) ... ok
test_all_parsed_dates_preflight_before_any_numeric_decode (tests.test_commodity_implied_inputs.CommodityImpliedInputTests.test_all_parsed_dates_preflight_before_any_numeric_decode) ... ok
test_duplicate_or_descending_parsed_dates_fail_preflight (tests.test_commodity_implied_inputs.CommodityImpliedInputTests.test_duplicate_or_descending_parsed_dates_fail_preflight) ... ok
test_every_byte_pin_before_any_json_numerical_decode (tests.test_commodity_implied_inputs.CommodityImpliedInputTests.test_every_byte_pin_before_any_json_numerical_decode) ... ok
test_exact_inventory_sha_types_and_safe_relative_paths (tests.test_commodity_implied_inputs.CommodityImpliedInputTests.test_exact_inventory_sha_types_and_safe_relative_paths) ... ok
test_independent_reconstruction_rejects_metadata_and_missingness (tests.test_commodity_implied_inputs.CommodityImpliedInputTests.test_independent_reconstruction_rejects_metadata_and_missingness) ... ok
test_independent_reconstruction_rejects_rehashed_value_corruption (tests.test_commodity_implied_inputs.CommodityImpliedInputTests.test_independent_reconstruction_rejects_rehashed_value_corruption) ... ok
test_no_mutation_or_source_replacement (tests.test_commodity_implied_inputs.CommodityImpliedInputTests.test_no_mutation_or_source_replacement) ... ok
test_outer_calendar_preserves_absent_dates_and_explicit_missing (tests.test_commodity_implied_inputs.CommodityImpliedInputTests.test_outer_calendar_preserves_absent_dates_and_explicit_missing) ... ok
test_application_rows_cannot_change_fit_or_other_predictions (tests.test_commodity_implied_models.CommodityModelTests.test_application_rows_cannot_change_fit_or_other_predictions) ... ok
test_audits_reconstruct_scaling_smearing_and_predictions (tests.test_commodity_implied_models.CommodityModelTests.test_audits_reconstruct_scaling_smearing_and_predictions) ... ok
test_common22_completeness_rejects_bad_extra_even_for_market_arm (tests.test_commodity_implied_models.CommodityModelTests.test_common22_completeness_rejects_bad_extra_even_for_market_arm) ... ok
test_extreme_application_arithmetic_aborts_and_empty_application_valid (tests.test_commodity_implied_models.CommodityModelTests.test_extreme_application_arithmetic_aborts_and_empty_application_valid) ... ok
test_literal_order_and_all_three_arms_match_independent_unscaled_qr (tests.test_commodity_implied_models.CommodityModelTests.test_literal_order_and_all_three_arms_match_independent_unscaled_qr) ... ok
test_metadata_and_inputs_preserved (tests.test_commodity_implied_models.CommodityModelTests.test_metadata_and_inputs_preserved) ... ok
test_scale_and_rank_failures_do_not_drop_controls_or_change_solver (tests.test_commodity_implied_models.CommodityModelTests.test_scale_and_rank_failures_do_not_drop_controls_or_change_solver) ... ok
test_target_units_and_feature_affine_transport_preserve_model (tests.test_commodity_implied_models.CommodityModelTests.test_target_units_and_feature_affine_transport_preserve_model) ... ok
test_all_requested_origins_and_full_calendar_offsets_survive_holes (tests.test_commodity_implied_pipeline.CommodityPipelineTests.test_all_requested_origins_and_full_calendar_offsets_survive_holes) ... ok
test_common_training_rows_and_strict_previous_session_maturity (tests.test_commodity_implied_pipeline.CommodityPipelineTests.test_common_training_rows_and_strict_previous_session_maturity) ... ok
test_config_defaults_and_bounded_exact_configuration (tests.test_commodity_implied_pipeline.CommodityPipelineTests.test_config_defaults_and_bounded_exact_configuration) ... ok
test_earliest_feature_complete_query_is_label_blind (tests.test_commodity_implied_pipeline.CommodityPipelineTests.test_earliest_feature_complete_query_is_label_blind) ... ok
test_empty_requested_and_all_incomplete_months_are_explicit (tests.test_commodity_implied_pipeline.CommodityPipelineTests.test_empty_requested_and_all_incomplete_months_are_explicit) ... ok
test_evaluation_target_may_end_after_evaluation_origin_end (tests.test_commodity_implied_pipeline.CommodityPipelineTests.test_evaluation_target_may_end_after_evaluation_origin_end) ... ok
test_exact_target_endpoint_and_prior_full_calendar_commodity_cutoff (tests.test_commodity_implied_pipeline.CommodityPipelineTests.test_exact_target_endpoint_and_prior_full_calendar_commodity_cutoff) ... ok
test_future_labels_do_not_change_first_fit_or_predictions (tests.test_commodity_implied_pipeline.CommodityPipelineTests.test_future_labels_do_not_change_first_fit_or_predictions) ... ok
test_insufficient_month_aborts_attempt_with_full_coverage (tests.test_commodity_implied_pipeline.CommodityPipelineTests.test_insufficient_month_aborts_attempt_with_full_coverage) ... ok
test_native_datetime_unit_transport_and_stable_output_schema (tests.test_commodity_implied_pipeline.CommodityPipelineTests.test_native_datetime_unit_transport_and_stable_output_schema) ... ok
test_numeric_and_calendar_validation (tests.test_commodity_implied_pipeline.CommodityPipelineTests.test_numeric_and_calendar_validation) ... ok
test_pre_source_floor_cutoff_is_unknown_and_not_complete (tests.test_commodity_implied_pipeline.CommodityPipelineTests.test_pre_source_floor_cutoff_is_unknown_and_not_complete) ... ok
test_qlike_matches_literal_formula_and_overflow_aborts (tests.test_commodity_implied_pipeline.CommodityPipelineTests.test_qlike_matches_literal_formula_and_overflow_aborts) ... ok
test_real_models_receive_exact_reconstructed_cohorts_without_input_mutation (tests.test_commodity_implied_pipeline.CommodityPipelineTests.test_real_models_receive_exact_reconstructed_cohorts_without_input_mutation) ... ok
test_unscored_applications_and_censoring_precedence (tests.test_commodity_implied_pipeline.CommodityPipelineTests.test_unscored_applications_and_censoring_precedence) ... ok
test_unscored_forecast_validation_and_model_failure_are_fatal (tests.test_commodity_implied_pipeline.CommodityPipelineTests.test_unscored_forecast_validation_and_model_failure_are_fatal) ... ok
test_no_extra_variants_missing_fields_or_type_coercion (tests.test_commodity_implied_protocol.CommodityImpliedProtocolTests.test_no_extra_variants_missing_fields_or_type_coercion) ... ok
test_no_relaxed_effect_support_or_future_boundary (tests.test_commodity_implied_protocol.CommodityImpliedProtocolTests.test_no_relaxed_effect_support_or_future_boundary) ... ok
test_serialized_contract_and_fixed_family (tests.test_commodity_implied_protocol.CommodityImpliedProtocolTests.test_serialized_contract_and_fixed_family) ... ok
test_all_stages_and_persisted_outputs_link_to_the_completed_proof (tests.test_commodity_implied_run_integration.CommodityRunIntegrationTests.test_all_stages_and_persisted_outputs_link_to_the_completed_proof) ... ok
test_durable_whole_family_registration_precedes_both_source_readers (tests.test_commodity_implied_run_integration.CommodityRunIntegrationTests.test_durable_whole_family_registration_precedes_both_source_readers) ... ok
test_either_source_reader_failure_retains_both_attempts_at_one (tests.test_commodity_implied_run_integration.CommodityRunIntegrationTests.test_either_source_reader_failure_retains_both_attempts_at_one) ... ok
test_existing_output_or_registration_is_never_restarted (tests.test_commodity_implied_run_integration.CommodityRunIntegrationTests.test_existing_output_or_registration_is_never_restarted) ... ok
test_failed_source_authentication_prevents_registration_and_numerical_reads (tests.test_commodity_implied_run_integration.CommodityRunIntegrationTests.test_failed_source_authentication_prevents_registration_and_numerical_reads) ... ok
test_feature_and_target_failures_keep_whole_family_and_stop_models (tests.test_commodity_implied_run_integration.CommodityRunIntegrationTests.test_feature_and_target_failures_keep_whole_family_and_stop_models) ... ok
test_insufficient_training_persists_complete_failure_coverage_and_schedules (tests.test_commodity_implied_run_integration.CommodityRunIntegrationTests.test_insufficient_training_persists_complete_failure_coverage_and_schedules) ... ok
test_missing_or_mismatched_freeze_stops_before_source_reads_and_registration (tests.test_commodity_implied_run_integration.CommodityRunIntegrationTests.test_missing_or_mismatched_freeze_stops_before_source_reads_and_registration) ... ok
test_model_failure_keeps_whole_family_and_saved_feature_target_stage (tests.test_commodity_implied_run_integration.CommodityRunIntegrationTests.test_model_failure_keeps_whole_family_and_saved_feature_target_stage) ... ok
test_raised_or_negative_verification_invalidates_whole_family (tests.test_commodity_implied_run_integration.CommodityRunIntegrationTests.test_raised_or_negative_verification_invalidates_whole_family) ... ok
test_scoring_failure_keeps_valid_outputs_without_success_proof (tests.test_commodity_implied_run_integration.CommodityRunIntegrationTests.test_scoring_failure_keeps_valid_outputs_without_success_proof) ... ok
test_bootstrap_design_is_shared_across_controls_and_has_exact_seeds (tests.test_commodity_implied_score.CommodityScoreTests.test_bootstrap_design_is_shared_across_controls_and_has_exact_seeds) ... ok
test_corrupted_cohorts_dates_loss_and_metadata_fail_before_inference (tests.test_commodity_implied_score.CommodityScoreTests.test_corrupted_cohorts_dates_loss_and_metadata_fail_before_inference) ... ok
test_each_effect_offset_slice_and_multiplicity_gate_is_required (tests.test_commodity_implied_score.CommodityScoreTests.test_each_effect_offset_slice_and_multiplicity_gate_is_required) ... ok
test_empty_or_unsupported_daily_panel_aborts_whole_wave (tests.test_commodity_implied_score.CommodityScoreTests.test_empty_or_unsupported_daily_panel_aborts_whole_wave) ... ok
test_exact_family_daily_diagnostics_and_both_multiplicity_counts (tests.test_commodity_implied_score.CommodityScoreTests.test_exact_family_daily_diagnostics_and_both_multiplicity_counts) ... ok
test_full_calendar_and_source_ceiling_cannot_be_changed (tests.test_commodity_implied_score.CommodityScoreTests.test_full_calendar_and_source_ceiling_cannot_be_changed) ... ok
test_generated_serial_null_calibration_matches_separate_observation_oracle (tests.test_commodity_implied_score.CommodityScoreTests.test_generated_serial_null_calibration_matches_separate_observation_oracle) ... ok
test_inherit_exact_completed_claims_family_preserves_every_row (tests.test_commodity_implied_score.CommodityScoreTests.test_inherit_exact_completed_claims_family_preserves_every_row) ... ok
test_inherited_identity_probability_and_hash_closure_are_required (tests.test_commodity_implied_score.CommodityScoreTests.test_inherited_identity_probability_and_hash_closure_are_required) ... ok
test_one_improving_comparison_cannot_be_a_lead (tests.test_commodity_implied_score.CommodityScoreTests.test_one_improving_comparison_cannot_be_a_lead) ... ok
test_registered_failures_preserve_both_p_one_entries (tests.test_commodity_implied_score.CommodityScoreTests.test_registered_failures_preserve_both_p_one_entries) ... ok
test_variable_loss_inference_matches_explicit_circular_and_hac_oracles (tests.test_commodity_implied_score.CommodityScoreTests.test_variable_loss_inference_matches_explicit_circular_and_hac_oracles) ... ok
test_buffered_stdout_does_not_mask_failed_or_empty_full_suite (tests.test_commodity_implied_search.CommodityImpliedSearchTests.test_buffered_stdout_does_not_mask_failed_or_empty_full_suite) ... ok
test_callback_cannot_rewrite_saved_inherited_family (tests.test_commodity_implied_search.CommodityImpliedSearchTests.test_callback_cannot_rewrite_saved_inherited_family) ... ok
test_every_pin_is_readonly_enforced (tests.test_commodity_implied_search.CommodityImpliedSearchTests.test_every_pin_is_readonly_enforced) ... ok
test_existing_attempt_is_never_restarted (tests.test_commodity_implied_search.CommodityImpliedSearchTests.test_existing_attempt_is_never_restarted) ... ok
test_failure_keeps_both_registered_hypotheses_at_one (tests.test_commodity_implied_search.CommodityImpliedSearchTests.test_failure_keeps_both_registered_hypotheses_at_one) ... ok
test_full_family_is_durable_before_numerical_callback (tests.test_commodity_implied_search.CommodityImpliedSearchTests.test_full_family_is_durable_before_numerical_callback) ... ok
test_invalid_prior_never_registers (tests.test_commodity_implied_search.CommodityImpliedSearchTests.test_invalid_prior_never_registers) ... ok
test_missing_comparison_invalidates_whole_attempt (tests.test_commodity_implied_search.CommodityImpliedSearchTests.test_missing_comparison_invalidates_whole_attempt) ... ok
test_all_date_preflight_precedes_any_value_conversion (tests.test_commodity_implied_source.CommodityImpliedSourceTests.test_all_date_preflight_precedes_any_value_conversion) ... ok
test_bounds_are_strict_dates_inside_fixed_source_scope (tests.test_commodity_implied_source.CommodityImpliedSourceTests.test_bounds_are_strict_dates_inside_fixed_source_scope) ... ok
test_byte_hash_binds_exact_payload (tests.test_commodity_implied_source.CommodityImpliedSourceTests.test_byte_hash_binds_exact_payload) ... ok
test_csv_quoted_physical_line_accounting_and_blank_rows (tests.test_commodity_implied_source.CommodityImpliedSourceTests.test_csv_quoted_physical_line_accounting_and_blank_rows) ... ok
test_exact_records_missingness_and_all_date_accounting (tests.test_commodity_implied_source.CommodityImpliedSourceTests.test_exact_records_missingness_and_all_date_accounting) ... ok
test_exact_symbol_header_width_and_utf8 (tests.test_commodity_implied_source.CommodityImpliedSourceTests.test_exact_symbol_header_width_and_utf8) ... ok
test_hash_authentication_precedes_decoding_and_conversion (tests.test_commodity_implied_source.CommodityImpliedSourceTests.test_hash_authentication_precedes_decoding_and_conversion) ... ok
test_header_only_and_zero_retained_are_structurally_valid (tests.test_commodity_implied_source.CommodityImpliedSourceTests.test_header_only_and_zero_retained_are_structurally_valid) ... ok
test_invalid_in_window_numbers_fail_without_imputation (tests.test_commodity_implied_source.CommodityImpliedSourceTests.test_invalid_in_window_numbers_fail_without_imputation) ... ok
test_invalid_or_unsorted_dates_in_any_scope_fail (tests.test_commodity_implied_source.CommodityImpliedSourceTests.test_invalid_or_unsorted_dates_in_any_scope_fail) ... ok
test_only_selected_bounds_are_converted (tests.test_commodity_implied_source.CommodityImpliedSourceTests.test_only_selected_bounds_are_converted) ... ok
test_permitted_finite_positive_decimal_forms (tests.test_commodity_implied_source.CommodityImpliedSourceTests.test_permitted_finite_positive_decimal_forms) ... ok
test_checker_rejects_silent_corruption_of_producer_output (tests.test_commodity_implied_source_integration.CommoditySourceIntegrationTests.test_checker_rejects_silent_corruption_of_producer_output) ... ok
test_complete_generated_json_roundtrip_is_independently_verified (tests.test_commodity_implied_source_integration.CommoditySourceIntegrationTests.test_complete_generated_json_roundtrip_is_independently_verified) ... ok
test_actual_tail_underflow_fails_instead_of_clipping (tests.test_copula_calibration.CalibrationDensityTests.test_actual_tail_underflow_fails_instead_of_clipping) ... ok
test_affine_fit_recovers_known_distortion_and_population_scale (tests.test_copula_calibration.CalibrationDensityTests.test_affine_fit_recovers_known_distortion_and_population_scale) ... ok
test_both_recalibrated_marginal_densities_integrate_to_one (tests.test_copula_calibration.CalibrationDensityTests.test_both_recalibrated_marginal_densities_integrate_to_one) ... ok
test_change_of_variable_jacobian_matches_cdf_derivative (tests.test_copula_calibration.CalibrationDensityTests.test_change_of_variable_jacobian_matches_cdf_derivative) ... ok
test_fit_and_transform_do_not_mutate_input_arrays_or_audit (tests.test_copula_calibration.CalibrationDensityTests.test_fit_and_transform_do_not_mutate_input_arrays_or_audit) ... ok
test_fit_rejects_insufficient_nonfinite_and_degenerate_samples (tests.test_copula_calibration.CalibrationDensityTests.test_fit_rejects_insufficient_nonfinite_and_degenerate_samples) ... ok
test_identity_preserves_original_coordinates_and_density_exactly (tests.test_copula_calibration.CalibrationDensityTests.test_identity_preserves_original_coordinates_and_density_exactly) ... ok
test_log_tail_inverse_preserves_extreme_finite_coordinates_without_clipping (tests.test_copula_calibration.CalibrationDensityTests.test_log_tail_inverse_preserves_extreme_finite_coordinates_without_clipping) ... ok
test_transform_rejects_invalid_shapes_scales_and_variances (tests.test_copula_calibration.CalibrationDensityTests.test_transform_rejects_invalid_shapes_scales_and_variances) ... ok
test_all_seven_signed_contrasts_share_every_observation (tests.test_copula_calibration.CrossedContrastTests.test_all_seven_signed_contrasts_share_every_observation) ... ok
test_identity_calibration_produces_zero_interaction_and_calibration_gaps (tests.test_copula_calibration.CrossedContrastTests.test_identity_calibration_produces_zero_interaction_and_calibration_gaps) ... ok
test_partial_or_nonfinite_crossed_cohorts_are_rejected_not_filtered (tests.test_copula_calibration.CrossedContrastTests.test_partial_or_nonfinite_crossed_cohorts_are_rejected_not_filtered) ... ok
test_base_marginals_are_preserved_and_old_dependence_is_refitted (tests.test_copula_calibration.CrossedTimelineTests.test_base_marginals_are_preserved_and_old_dependence_is_refitted) ... ok
test_entire_month_forecasts_ignore_current_and_future_outcomes (tests.test_copula_calibration.CrossedTimelineTests.test_entire_month_forecasts_ignore_current_and_future_outcomes) ... ok
test_monthly_mature_issued_history_warmup_and_same_date_crossing (tests.test_copula_calibration.CrossedTimelineTests.test_monthly_mature_issued_history_warmup_and_same_date_crossing) ... ok
test_saved_crossed_losses_include_marginal_jacobian_and_signed_interaction (tests.test_copula_calibration.CrossedTimelineTests.test_saved_crossed_losses_include_marginal_jacobian_and_signed_interaction) ... ok
test_unscored_missing_label_queries_still_require_valid_issued_marginals (tests.test_copula_calibration.CrossedTimelineTests.test_unscored_missing_label_queries_still_require_valid_issued_marginals) ... ok
test_future_and_unissued_outcome_perturbations_leave_history_and_fit_unchanged (tests.test_copula_calibration.IssuedHistoryTests.test_future_and_unissued_outcome_perturbations_leave_history_and_fit_unchanged) ... ok
test_insufficient_history_and_ambiguous_order_fail (tests.test_copula_calibration.IssuedHistoryTests.test_insufficient_history_and_ambiguous_order_fail) ... ok
test_observed_nonpositive_or_infinite_eligible_variance_is_not_dropped (tests.test_copula_calibration.IssuedHistoryTests.test_observed_nonpositive_or_infinite_eligible_variance_is_not_dropped) ... ok
test_only_issued_complete_strictly_earlier_mature_rows_are_selected (tests.test_copula_calibration.IssuedHistoryTests.test_only_issued_complete_strictly_earlier_mature_rows_are_selected) ... ok
test_both_pseudo_objectives_are_identical_for_each_fixed_parameter (tests.test_copula_calibration_rank_invariance.CopulaCalibrationRankInvarianceTests.test_both_pseudo_objectives_are_identical_for_each_fixed_parameter) ... ok
test_constant_scale_and_fixed_calibration_preserve_average_ranks (tests.test_copula_calibration_rank_invariance.CopulaCalibrationRankInvarianceTests.test_constant_scale_and_fixed_calibration_preserve_average_ranks) ... ok
test_one_certified_fit_per_family_has_identical_inputs_and_selected_objective (tests.test_copula_calibration_rank_invariance.CopulaCalibrationRankInvarianceTests.test_one_certified_fit_per_family_has_identical_inputs_and_selected_objective) ... ok
test_time_varying_positive_scale_can_reorder_ranks (tests.test_copula_calibration_rank_invariance.CopulaCalibrationRankInvarianceTests.test_time_varying_positive_scale_can_reorder_ranks) ... ok
test_exclusive_first_save_and_checked_reload_preserve_expected_bytes (tests.test_copula_calibration_run.DurableBindingContracts.test_exclusive_first_save_and_checked_reload_preserve_expected_bytes) ... ok
test_metrics_mutation_during_terminal_write_cannot_receive_success (tests.test_copula_calibration_run.DurableBindingContracts.test_metrics_mutation_during_terminal_write_cannot_receive_success) ... ok
test_mutation_during_first_write_cannot_be_adopted_as_expected_hash (tests.test_copula_calibration_run.DurableBindingContracts.test_mutation_during_first_write_cannot_be_adopted_as_expected_hash) ... ok
test_mutation_during_metrics_write_invalidates_all_seven_and_preserves_provisional_metrics (tests.test_copula_calibration_run.DurableBindingContracts.test_mutation_during_metrics_write_invalidates_all_seven_and_preserves_provisional_metrics) ... ok
test_successful_terminal_uses_verified_data_and_proof_hashes (tests.test_copula_calibration_run.DurableBindingContracts.test_successful_terminal_uses_verified_data_and_proof_hashes) ... ok
test_archive_retains_issued_but_phase_unscored_target (tests.test_copula_calibration_run.RunContracts.test_archive_retains_issued_but_phase_unscored_target) ... ok
test_archive_shared_marginals_and_clock_are_bound (tests.test_copula_calibration_run.RunContracts.test_archive_shared_marginals_and_clock_are_bound) ... ok
test_failure_retains_all_comparisons (tests.test_copula_calibration_run.RunContracts.test_failure_retains_all_comparisons) ... ok
test_hash_pin_detects_mutated_input (tests.test_copula_calibration_run.RunContracts.test_hash_pin_detects_mutated_input) ... ok
test_old_terminal_report_hashes_resolve_in_old_report_directory (tests.test_copula_calibration_run.RunContracts.test_old_terminal_report_hashes_resolve_in_old_report_directory) ... ok
test_fit_audit_reconstructs_convex_box_certificate_and_affine_archive (tests.test_copula_shape.ShapeCoreTests.test_fit_audit_reconstructs_convex_box_certificate_and_affine_archive) ... ok
test_fit_rejects_missing_and_degenerate_training_pairs (tests.test_copula_shape.ShapeCoreTests.test_fit_rejects_missing_and_degenerate_training_pairs) ... ok
test_generated_skew_is_detected_with_better_marginal_training_score (tests.test_copula_shape.ShapeCoreTests.test_generated_skew_is_detected_with_better_marginal_training_score) ... ok
test_identity_recovers_original_t8_coordinates_and_density (tests.test_copula_shape.ShapeCoreTests.test_identity_recovers_original_t8_coordinates_and_density) ... ok
test_inputs_and_parameter_audits_are_not_mutated (tests.test_copula_shape.ShapeCoreTests.test_inputs_and_parameter_audits_are_not_mutated) ... ok
test_invalid_forecast_parameters_and_unrepresentable_inverse_fail (tests.test_copula_shape.ShapeCoreTests.test_invalid_forecast_parameters_and_unrepresentable_inverse_fail) ... ok
test_inverse_roundtrip_at_bounded_risk_simulation_extremes (tests.test_copula_shape.ShapeCoreTests.test_inverse_roundtrip_at_bounded_risk_simulation_extremes) ... ok
test_jacobian_matches_cdf_derivative_for_skew_and_tail_adjustments (tests.test_copula_shape.ShapeCoreTests.test_jacobian_matches_cdf_derivative_for_skew_and_tail_adjustments) ... ok
test_normalization_under_skew_and_heavier_and_lighter_tails (tests.test_copula_shape.ShapeCoreTests.test_normalization_under_skew_and_heavier_and_lighter_tails) ... ok
test_objective_derivatives_and_positive_semidefinite_hessian (tests.test_copula_shape.ShapeCoreTests.test_objective_derivatives_and_positive_semidefinite_hessian) ... ok
test_zero_shape_adjustment_exactly_nests_affine_calibration (tests.test_copula_shape.ShapeCoreTests.test_zero_shape_adjustment_exactly_nests_affine_calibration) ... ok
test_future_labels_cannot_change_issued_monthly_parameters (tests.test_copula_shape.ShapeTimelineTests.test_future_labels_cannot_change_issued_monthly_parameters) ... ok
test_supported_wholly_unscored_month_preserves_issued_fits_and_other_scores (tests.test_copula_shape.ShapeTimelineTests.test_supported_wholly_unscored_month_preserves_issued_fits_and_other_scores) ... ok
test_actual_entry_rejects_freeze_change_before_any_model_work (tests.test_copula_shape_run.ShapeRunContracts.test_actual_entry_rejects_freeze_change_before_any_model_work) ... ok
test_actual_entry_reloads_outputs_projects_risks_and_binds_started (tests.test_copula_shape_run.ShapeRunContracts.test_actual_entry_reloads_outputs_projects_risks_and_binds_started) ... Fitting the frozen monthly shape correction...
Independently verifying shape forecasts and fit certificates...
Evaluating six registered density comparisons...
Generating bounded spread-risk forecasts with two fixed integrations...
Scoring all fixed spread filters and conditional-premium scenarios...
ok
test_all_support_floors_precede_any_resampling (tests.test_copula_shape_run.ShapeRunContracts.test_all_support_floors_precede_any_resampling) ... ok
test_bound_bytes_guard_paths_first_write_and_expected_hash (tests.test_copula_shape_run.ShapeRunContracts.test_bound_bytes_guard_paths_first_write_and_expected_hash) ... ok
test_freeze_requires_pass_before_registration_and_refuses_duplicate_attempt (tests.test_copula_shape_run.ShapeRunContracts.test_freeze_requires_pass_before_registration_and_refuses_duplicate_attempt) ... ok
test_late_metrics_write_mutations_invalidate_whole_six_family (tests.test_copula_shape_run.ShapeRunContracts.test_late_metrics_write_mutations_invalidate_whole_six_family) ... ok
test_post_terminal_mutation_cannot_leave_completed_terminal (tests.test_copula_shape_run.ShapeRunContracts.test_post_terminal_mutation_cannot_leave_completed_terminal) ... ok
test_six_signs_full_phase_masks_common_streams_and_holm164 (tests.test_copula_shape_run.ShapeRunContracts.test_six_signs_full_phase_masks_common_streams_and_holm164) ... ok
test_source_pins_preserves_full_predecessor_records_and_provenance (tests.test_copula_shape_run.ShapeRunContracts.test_source_pins_preserves_full_predecessor_records_and_provenance) ... ok
test_verified_commit_binds_original_output_hashes_and_started_receipt (tests.test_copula_shape_run.ShapeRunContracts.test_verified_commit_binds_original_output_hashes_and_started_receipt) ... ok
test_boundary_touch_and_condor_single_width_maximum (tests.test_copula_spread_backtest.CopulaSpreadBacktestTests.test_boundary_touch_and_condor_single_width_maximum) ... ok
test_breach_and_full_loss_are_joint_events_not_mean_debit (tests.test_copula_spread_backtest.CopulaSpreadBacktestTests.test_breach_and_full_loss_are_joint_events_not_mean_debit) ... ok
test_compounding_drawdown_and_phase_resets (tests.test_copula_spread_backtest.CopulaSpreadBacktestTests.test_compounding_drawdown_and_phase_resets) ... ok
test_credit_cashflow_decimal_oracle_equal_maximum_reserve (tests.test_copula_spread_backtest.CopulaSpreadBacktestTests.test_credit_cashflow_decimal_oracle_equal_maximum_reserve) ... ok
test_extreme_logs_safe_without_exponential_overflow (tests.test_copula_spread_backtest.CopulaSpreadBacktestTests.test_extreme_logs_safe_without_exponential_overflow) ... ok
test_inclusive_filter_cash_and_no_mean_or_es_sizing (tests.test_copula_spread_backtest.CopulaSpreadBacktestTests.test_inclusive_filter_cash_and_no_mean_or_es_sizing) ... ok
test_invalid_payoff_parameters_risks_dates_and_no_silent_clipping (tests.test_copula_spread_backtest.CopulaSpreadBacktestTests.test_invalid_payoff_parameters_risks_dates_and_no_silent_clipping) ... ok
test_piecewise_debit_matches_independent_dollar_intrinsic (tests.test_copula_spread_backtest.CopulaSpreadBacktestTests.test_piecewise_debit_matches_independent_dollar_intrinsic) ... ok
test_strict_clocks_complete_models_cases_and_return_join (tests.test_copula_spread_backtest.CopulaSpreadBacktestTests.test_strict_clocks_complete_models_cases_and_return_join) ... ok
test_target_blind_decisions_input_immutability_and_attribution (tests.test_copula_spread_backtest.CopulaSpreadBacktestTests.test_target_blind_decisions_input_immutability_and_attribution) ... ok
test_archive_phase_and_target_end_must_match (tests.test_copula_spread_forecasts.CausalBuildContracts.test_archive_phase_and_target_end_must_match) ... ok
test_build_does_not_consult_future_outcomes (tests.test_copula_spread_forecasts.CausalBuildContracts.test_build_does_not_consult_future_outcomes) ... ok
test_daily_cutoff_uses_full_calendar_not_retained_rows (tests.test_copula_spread_forecasts.CausalBuildContracts.test_daily_cutoff_uses_full_calendar_not_retained_rows) ... ok
test_exact_marginal_fields_do_not_depend_on_copula (tests.test_copula_spread_forecasts.CausalBuildContracts.test_exact_marginal_fields_do_not_depend_on_copula) ... ok
test_monthly_dependence_parameters_cannot_change (tests.test_copula_spread_forecasts.CausalBuildContracts.test_monthly_dependence_parameters_cannot_change) ... ok
test_monthly_marginal_parameters_cannot_change_silently (tests.test_copula_spread_forecasts.CausalBuildContracts.test_monthly_marginal_parameters_cannot_change_silently) ... ok
test_condor_exact_risk_is_sum_of_disjoint_sides (tests.test_copula_spread_forecasts.MarginalProbabilityContracts.test_condor_exact_risk_is_sum_of_disjoint_sides) ... ok
test_identity_equals_direct_student_t_cdf_and_survival (tests.test_copula_spread_forecasts.MarginalProbabilityContracts.test_identity_equals_direct_student_t_cdf_and_survival) ... ok
test_narrow_distribution_inside_wing_has_accurate_mean_debit (tests.test_copula_spread_forecasts.MarginalProbabilityContracts.test_narrow_distribution_inside_wing_has_accurate_mean_debit) ... ok
test_quad_independently_reconstructs_normalized_spread_mean (tests.test_copula_spread_forecasts.MarginalProbabilityContracts.test_quad_independently_reconstructs_normalized_spread_mean) ... ok
test_both_copulas_preserve_marginals_at_nonzero_rho (tests.test_copula_spread_forecasts.SamplingContracts.test_both_copulas_preserve_marginals_at_nonzero_rho) ... ok
test_extreme_log_returns_have_finite_bounded_liability (tests.test_copula_spread_forecasts.SamplingContracts.test_extreme_log_returns_have_finite_bounded_liability) ... ok
test_fractional_expected_shortfall_and_ties (tests.test_copula_spread_forecasts.SamplingContracts.test_fractional_expected_shortfall_and_ties) ... ok
test_gaussian_independence_any_and_both_match_exact (tests.test_copula_spread_forecasts.SamplingContracts.test_gaussian_independence_any_and_both_match_exact) ... ok
test_scrambles_are_reproducible_and_distinct (tests.test_copula_spread_forecasts.SamplingContracts.test_scrambles_are_reproducible_and_distinct) ... ok
test_duplicate_entry_and_failed_gate_precede_source_access (tests.test_copula_spread_replay.ProbabilityReplayContracts.test_duplicate_entry_and_failed_gate_precede_source_access) ... ok
test_invalid_qmc_tail_outputs_never_affect_accounts (tests.test_copula_spread_replay.ProbabilityReplayContracts.test_invalid_qmc_tail_outputs_never_affect_accounts) ... ok
test_preserves_probabilities_means_policy_cases_and_inputs (tests.test_copula_spread_replay.ProbabilityReplayContracts.test_preserves_probabilities_means_policy_cases_and_inputs) ... ok
test_probabilities_and_cohort_corruption_still_fail (tests.test_copula_spread_replay.ProbabilityReplayContracts.test_probabilities_and_cohort_corruption_still_fail) ... ok
test_public_outputs_remove_tail_estimates_and_saved_accounting_checks (tests.test_copula_spread_replay.ProbabilityReplayContracts.test_public_outputs_remove_tail_estimates_and_saved_accounting_checks) ... ok
test_replay_cannot_refit_resample_or_cross_source_ceiling (tests.test_copula_spread_replay.ProbabilityReplayContracts.test_replay_cannot_refit_resample_or_cross_source_ceiling) ... ok
test_admission_failure_records_trials_and_never_scores (tests.test_cross_moment_publication.CrossMomentPublication.test_admission_failure_records_trials_and_never_scores) ... ok
test_calendar_changed_after_admission_never_reaches_scorer (tests.test_cross_moment_publication.CrossMomentPublication.test_calendar_changed_after_admission_never_reaches_scorer) ... ok
test_forecast_changed_after_admission_never_reaches_scorer (tests.test_cross_moment_publication.CrossMomentPublication.test_forecast_changed_after_admission_never_reaches_scorer) ... ok
test_nonfinite_score_payload_cannot_skip_terminal_ledger (tests.test_cross_moment_publication.CrossMomentPublication.test_nonfinite_score_payload_cannot_skip_terminal_ledger) ... ok
test_partial_evaluated_ledger_retains_all_failed_trials (tests.test_cross_moment_publication.CrossMomentPublication.test_partial_evaluated_ledger_retains_all_failed_trials) ... ok
test_partial_registration_retains_all_hypotheses (tests.test_cross_moment_publication.CrossMomentPublication.test_partial_registration_retains_all_hypotheses) ... ok
test_protocol_mutation_invalidates_new_scores_only (tests.test_cross_moment_publication.CrossMomentPublication.test_protocol_mutation_invalidates_new_scores_only) ... ok
test_report_failure_preserves_diagnostics (tests.test_cross_moment_publication.CrossMomentPublication.test_report_failure_preserves_diagnostics) ... ok
test_complex_numeric_values_cannot_be_silently_cast_to_real (tests.test_cross_moment_score.FrozenPanelContracts.test_complex_numeric_values_cannot_be_silently_cast_to_real) ... ok
test_conditional_diagonals_must_match_exactly (tests.test_cross_moment_score.FrozenPanelContracts.test_conditional_diagonals_must_match_exactly) ... ok
test_date_fences_and_predictor_or_training_lookahead_rejected (tests.test_cross_moment_score.FrozenPanelContracts.test_date_fences_and_predictor_or_training_lookahead_rejected) ... ok
test_exact_complete_schema_and_three_models_required (tests.test_cross_moment_score.FrozenPanelContracts.test_exact_complete_schema_and_three_models_required) ... ok
test_numeric_domains_and_each_correlation_boundary (tests.test_cross_moment_score.FrozenPanelContracts.test_numeric_domains_and_each_correlation_boundary) ... ok
test_partial_model_cohort_and_target_mean_or_fit_mismatch_rejected (tests.test_cross_moment_score.FrozenPanelContracts.test_partial_model_cohort_and_target_mean_or_fit_mismatch_rejected) ... ok
test_phase_boundary_maturity_and_missing_or_intraday_timestamp_rejected (tests.test_cross_moment_score.FrozenPanelContracts.test_phase_boundary_maturity_and_missing_or_intraday_timestamp_rejected) ... ok
test_arbitrary_input_row_order_and_index_are_preserved (tests.test_cross_moment_score.ProductArithmeticTests.test_arbitrary_input_row_order_and_index_are_preserved) ... ok
test_assets_swap_and_extreme_representable_units_preserve_scores (tests.test_cross_moment_score.ProductArithmeticTests.test_assets_swap_and_extreme_representable_units_preserve_scores) ... ok
test_coherence_allowance_does_not_overflow_on_finite_near_maximum_losses (tests.test_cross_moment_score.ProductArithmeticTests.test_coherence_allowance_does_not_overflow_on_finite_near_maximum_losses) ... ok
test_equal_candidate_control_and_exact_error_cancellation_give_zero_gap (tests.test_cross_moment_score.ProductArithmeticTests.test_equal_candidate_control_and_exact_error_cancellation_give_zero_gap) ... ok
test_factored_gap_matches_direct_losses_and_high_precision_near_cancellation (tests.test_cross_moment_score.ProductArithmeticTests.test_factored_gap_matches_direct_losses_and_high_precision_near_cancellation) ... ok
test_factored_gap_rejects_nonfinite_misalignment_and_underflow (tests.test_cross_moment_score.ProductArithmeticTests.test_factored_gap_rejects_nonfinite_misalignment_and_underflow) ... ok
test_forecast_product_and_squared_loss_underflow_rejected (tests.test_cross_moment_score.ProductArithmeticTests.test_forecast_product_and_squared_loss_underflow_rejected) ... ok
test_nonfinite_residual_product_and_loss_abort_without_subset (tests.test_cross_moment_score.ProductArithmeticTests.test_nonfinite_residual_product_and_loss_abort_without_subset) ... ok
test_nonzero_realized_product_underflow_rejected_but_zero_operand_valid (tests.test_cross_moment_score.ProductArithmeticTests.test_nonzero_realized_product_underflow_rejected_but_zero_operand_valid) ... ok
test_nonzero_subnormal_factored_gap_is_retained_when_direct_gap_rounds_zero (tests.test_cross_moment_score.ProductArithmeticTests.test_nonzero_subnormal_factored_gap_is_retained_when_direct_gap_rounds_zero) ... ok
test_paired_gap_units_change_by_fourth_power_return_factor (tests.test_cross_moment_score.ProductArithmeticTests.test_paired_gap_units_change_by_fourth_power_return_factor) ... ok
test_scalar_product_squared_error_identity_and_original_metadata_unchanged (tests.test_cross_moment_score.ProductArithmeticTests.test_scalar_product_squared_error_identity_and_original_metadata_unchanged) ... ok
test_signed_and_exact_zero_realized_forecast_and_errors_are_valid (tests.test_cross_moment_score.ProductArithmeticTests.test_signed_and_exact_zero_realized_forecast_and_errors_are_valid) ... ok
test_all_four_phase_scores_and_114_holm_family (tests.test_cross_moment_search.CrossMomentSearch.test_all_four_phase_scores_and_114_holm_family) ... ok
test_both_controls_effect_stability_and_corrections_required (tests.test_cross_moment_search.CrossMomentSearch.test_both_controls_effect_stability_and_corrections_required) ... ok
test_constant_units_conversion_preserves_probabilities (tests.test_cross_moment_search.CrossMomentSearch.test_constant_units_conversion_preserves_probabilities) ... ok
test_evaluate_rejects_changed_products_or_incomplete_cohorts (tests.test_cross_moment_search.CrossMomentSearch.test_evaluate_rejects_changed_products_or_incomplete_cohorts) ... ok
test_failed_wave_keeps_all_new_trials_without_changing_upstream (tests.test_cross_moment_search.CrossMomentSearch.test_failed_wave_keeps_all_new_trials_without_changing_upstream) ... ok
test_fixed_contract_cannot_be_relaxed (tests.test_cross_moment_search.CrossMomentSearch.test_fixed_contract_cannot_be_relaxed) ... ok
test_full_inherited_family_includes_both_joint_contrasts (tests.test_cross_moment_search.CrossMomentSearch.test_full_inherited_family_includes_both_joint_contrasts) ... ok
test_inconsistent_difference_and_invalid_arithmetic_rejected (tests.test_cross_moment_search.CrossMomentSearch.test_inconsistent_difference_and_invalid_arithmetic_rejected) ... ok
test_literal_protocol_and_both_hypotheses (tests.test_cross_moment_search.CrossMomentSearch.test_literal_protocol_and_both_hypotheses) ... ok
test_scaled_inference_and_original_units (tests.test_cross_moment_search.CrossMomentSearch.test_scaled_inference_and_original_units) ... ok
test_zero_scores_and_equal_predictions_are_valid (tests.test_cross_moment_search.CrossMomentSearch.test_zero_scores_and_equal_predictions_are_valid) ... ok
test_every_load_bearing_package_is_actually_pinned (tests.test_environment.TestNumericalStackMatchesRequirements.test_every_load_bearing_package_is_actually_pinned)
A package listed as load-bearing but left unpinned is a fence that ... ok
test_load_bearing_packages_are_inside_their_pins (tests.test_environment.TestNumericalStackMatchesRequirements.test_load_bearing_packages_are_inside_their_pins) ... ok
test_advice_is_empty_when_the_environment_is_clean (tests.test_environment.TestPinAdviceIsActionable.test_advice_is_empty_when_the_environment_is_clean) ... ok
test_comparison_is_not_string_lexicographic (tests.test_environment.TestPinAdviceIsActionable.test_comparison_is_not_string_lexicographic)
'1.10' > '1.9' numerically but not as a string. ... ok
test_version_comparison_handles_the_case_that_bit_us (tests.test_environment.TestPinAdviceIsActionable.test_version_comparison_handles_the_case_that_bit_us) ... ok
test_all_outer_outputs_and_original_inputs_tamper_before_decode (tests.test_event_cluster_admission.AdmissionTests.test_all_outer_outputs_and_original_inputs_tamper_before_decode) ... ok
test_bad_output_set_and_typed_zero_fit_counts (tests.test_event_cluster_admission.AdmissionTests.test_bad_output_set_and_typed_zero_fit_counts) ... ok
test_both_successful_upstream_failure_markers_block (tests.test_event_cluster_admission.AdmissionTests.test_both_successful_upstream_failure_markers_block) ... ok
test_checked_buffer_decoding_and_outer_final_hash_guard (tests.test_event_cluster_admission.AdmissionTests.test_checked_buffer_decoding_and_outer_final_hash_guard) ... ok
test_conflicting_preservation_binding_is_not_superseded (tests.test_event_cluster_admission.AdmissionTests.test_conflicting_preservation_binding_is_not_superseded) ... ok
test_deterministic_read_only_operation (tests.test_event_cluster_admission.AdmissionTests.test_deterministic_read_only_operation) ... ok
test_duplicate_and_nonfinite_json_reject (tests.test_event_cluster_admission.AdmissionTests.test_duplicate_and_nonfinite_json_reject) ... ok
test_failure_during_outer_last_rehash_cannot_escape (tests.test_event_cluster_admission.AdmissionTests.test_failure_during_outer_last_rehash_cannot_escape) ... ok
test_fixed_seven_anchor_six_output_contract (tests.test_event_cluster_admission.AdmissionTests.test_fixed_seven_anchor_six_output_contract) ... ok
test_frozen_verification_ledger_uses_typed_role_count_map (tests.test_event_cluster_admission.AdmissionTests.test_frozen_verification_ledger_uses_typed_role_count_map) ... ok
test_metadata_collection_never_decodes_output_tables (tests.test_event_cluster_admission.AdmissionTests.test_metadata_collection_never_decodes_output_tables) ... ok
test_missing_conflicting_or_malformed_pins_reject (tests.test_event_cluster_admission.AdmissionTests.test_missing_conflicting_or_malformed_pins_reject) ... ok
test_missing_registered_outer_or_inner_pin_before_decode (tests.test_event_cluster_admission.AdmissionTests.test_missing_registered_outer_or_inner_pin_before_decode) ... ok
test_old_failed_study_markers_are_preserved_not_new_failures (tests.test_event_cluster_admission.AdmissionTests.test_old_failed_study_markers_are_preserved_not_new_failures) ... ok
test_old_fit_and_verification_writers_are_never_called (tests.test_event_cluster_admission.AdmissionTests.test_old_fit_and_verification_writers_are_never_called) ... ok
test_outer_anchor_hash_precedes_json_decoding (tests.test_event_cluster_admission.AdmissionTests.test_outer_anchor_hash_precedes_json_decoding) ... ok
test_outer_terminal_failure_cannot_be_repromoted (tests.test_event_cluster_admission.AdmissionTests.test_outer_terminal_failure_cannot_be_repromoted) ... ok
test_path_hash_json_and_symlink_guards (tests.test_event_cluster_admission.AdmissionTests.test_path_hash_json_and_symlink_guards) ... Traceback (most recent call last):
  File "<frozen runpy>", line 198, in _run_module_as_main
  File "<frozen runpy>", line 88, in _run_code
  File "/Library/Frameworks/Python.framework/Versions/3.11/lib/python3.11/unittest/__main__.py", line 18, in <module>
    main(module=None)
  File "/Library/Frameworks/Python.framework/Versions/3.11/lib/python3.11/unittest/main.py", line 102, in __init__
    self.runTests()
  File "/Library/Frameworks/Python.framework/Versions/3.11/lib/python3.11/unittest/main.py", line 274, in runTests
    self.result = testRunner.run(self.test)
                  ^^^^^^^^^^^^^^^^^^^^^^^^^
  File "/Library/Frameworks/Python.framework/Versions/3.11/lib/python3.11/unittest/runner.py", line 217, in run
    test(result)
  File "/Library/Frameworks/Python.framework/Versions/3.11/lib/python3.11/unittest/suite.py", line 84, in __call__
    return self.run(*args, **kwds)
           ^^^^^^^^^^^^^^^^^^^^^^^
  File "/Library/Frameworks/Python.framework/Versions/3.11/lib/python3.11/unittest/suite.py", line 122, in run
    test(result)
  File "/Library/Frameworks/Python.framework/Versions/3.11/lib/python3.11/unittest/suite.py", line 84, in __call__
    return self.run(*args, **kwds)
           ^^^^^^^^^^^^^^^^^^^^^^^
  File "/Library/Frameworks/Python.framework/Versions/3.11/lib/python3.11/unittest/suite.py", line 122, in run
    test(result)
  File "/Library/Frameworks/Python.framework/Versions/3.11/lib/python3.11/unittest/suite.py", line 84, in __call__
    return self.run(*args, **kwds)
           ^^^^^^^^^^^^^^^^^^^^^^^
  File "/Library/Frameworks/Python.framework/Versions/3.11/lib/python3.11/unittest/suite.py", line 122, in run
    test(result)
  File "/Library/Frameworks/Python.framework/Versions/3.11/lib/python3.11/unittest/case.py", line 678, in __call__
    return self.run(*args, **kwds)
           ^^^^^^^^^^^^^^^^^^^^^^^
  File "/Library/Frameworks/Python.framework/Versions/3.11/lib/python3.11/unittest/case.py", line 623, in run
    self._callTestMethod(testMethod)
  File "/Library/Frameworks/Python.framework/Versions/3.11/lib/python3.11/unittest/case.py", line 579, in _callTestMethod
    if method() is not None:
       ^^^^^^^^
  File "/Users/byrons/code/trading-vol/ndx-vol-experiment/tests/test_event_cluster_admission.py", line 459, in test_path_hash_json_and_symlink_guards
    self.f = Fixture(self.root)
             ^^^^^^^^^^^^^^^^^^
  File "/Users/byrons/code/trading-vol/ndx-vol-experiment/tests/test_event_cluster_admission.py", line 27, in __init__
    inner, loaded = old.admit_upstream(root, self.old_expected)
                    ^^^^^^^^^^^^^^^^^^^^^^^^^^^^^^^^^^^^^^^^^^^
  File "/Users/byrons/code/trading-vol/ndx-vol-experiment/src/issued_calibration_admission.py", line 363, in admit_upstream
    loaded[key] = pd.read_parquet(io.BytesIO(c.read(DATA + key + ".parquet")))
                  ^^^^^^^^^^^^^^^^^^^^^^^^^^^^^^^^^^^^^^^^^^^^^^^^^^^^^^^^^^^^
  File "/Users/byrons/code/trading-vol/ndx-vol-experiment/.venv/lib/python3.11/site-packages/pandas/io/parquet.py", line 671, in read_parquet
    return impl.read(
           ^^^^^^^^^^
  File "/Users/byrons/code/trading-vol/ndx-vol-experiment/.venv/lib/python3.11/site-packages/pandas/io/parquet.py", line 260, in read
    pa_table = self.api.parquet.read_table(
               ^^^^^^^^^^^^^^^^^^^^^^^^^^^^
  File "/Users/byrons/code/trading-vol/ndx-vol-experiment/.venv/lib/python3.11/site-packages/pyarrow/parquet/core.py", line 1964, in read_table
    return dataset.read(columns=columns, use_threads=use_threads,
           ^^^^^^^^^^^^^^^^^^^^^^^^^^^^^^^^^^^^^^^^^^^^^^^^^^^^^^
  File "/Users/byrons/code/trading-vol/ndx-vol-experiment/.venv/lib/python3.11/site-packages/pyarrow/parquet/core.py", line 1590, in read
    table = self._dataset.to_table(
            ^^^^^^^^^^^^^^^^^^^^^^^
KeyboardInterrupt
